"id";"age"
031f38188619f43e9cedbe96a89e89d0fc0f2ffe;4
79475435830ac0964c7b26a30725ac32c687928d;18
5676556dfb745cb62c0036d174ae8a436e64cada;19
f9cba411d605697aa2e6f151acb95359d9e23158;62
10907feea63a68ef3db8908da0cf904602117bc0;26
80e40dd757ae9cb479ea0f398b931ce17d6618a3;18
ef914c7fb513cdca9c46cd3eff5351afc78e6b96;53
a3c6bbe3c4d36b7c5de0f9001ba75cb1516ae467;67
c49e52be159d99c085a42c735fbd4a68468d14d6;96
547e0162af9938ef29e1713e893950466ab4e329;51
2b388daf9586d0ddb8aa09e280cec5dbf0f4ffab;99
d7afeb7252ac46a4d91acc8f09f1bff11f3c79d8;87
bed434a2674b3891e9bf4fc0e9b989caec82e5b0;40
c0b0a15047590b25cfd487fdcaf4267f26e27019;40
a1874b71173dc25f7d89aa5499353b30d2cacf89;88
5938ff170a5513a90a74bb59353c66b8c03c58cc;19
ebaeb8a9826b83b9a6e77fa429175f981c8d1399;33
9af328a84f7cdc766510f41865e9bcd79dbbc30e;51
9d346898130b6d7aaf5f33215539f84fc7dc9a95;42
1c36a28727dc8860ad49aec64049973a007a4270;41
a5f56a8e8f52ca9824f6f806df2512aef9720397;76
4bf7f000e0e9ac13825c90bcc192dd41c4af68f9;34
718383ec192190fb7ea3ff52a4c03169cea779d4;5
f74b720d73dc5976d2d5c84b96ff18cc4a68dc89;28
4e63495da561423534ac4eb00dd9f29c122ba716;3
f8c640a66da40f3238f87187cd1dc25148c89c3a;11
a45006ef283277a0b8f6b42045d80f3cf28794fd;40
dd69fe50688db1afeae7045a0bfcf2dbee775476;24
6622bad447977351d11011e818a4c44bb5b96a83;24
6f8c5053510eb82e4755c16d2b703dac182eaee3;71
53eca3b618bf4d9659c2df5dd0a82ef621c3d4de;38
f08de6ebf98c390b54a4e31f01727b6f223fc351;45
7f75c59b38fa9227e5e1543a2d68509c191c6fdc;11
61a742fbfb9e17f86bae0a6658a2be1a922aef06;17
828cafbcb10d46cba90f998352006e2ebff3ae20;6
bd6b3ebb8ea3d691d801a353f1135b42de750e00;4
bcabfbc98d7119005d958924063e927e400de9d6;77
4770e1f3b6efb2ff8c889e1411a7faa4e3d2bdb6;34
58d60d4e063aa295664e5e4546a10b9edc2b3d2e;49
67045e07dfbf7940898462ef59feeaf867642454;30
fdbe484d65091857fb1fc8126471aa2c661341a1;99
7decd234d1b6a03ba8ecddb56acbd846ee2d1bb7;71
323c791761d683441204de8c08b98a4003f0d498;90
0cd89c92d4d9cb51719af0e4741637f3dcbae213;80
9a94ab5236cbce6bb0863341c5594240e814deb4;75
172e5a8b2a322ce7aff583cc0f31cf7cfd688df2;51
50f0bc08d093e41f1c310f77c42228527f419c5b;3
930dad193a35dbf4ad93cc015697fcad80ea4401;22
57b0963516e1a076fc059a55ea1f9df39f764aee;22
b01e731bda1222957a3092ff6f3922d51e01ad68;23
8a5ae0f21175ad329570415ff364e0a31ddda367;83
d2c28c4a9e2affe3d8328d42f9cf631611337808;52
55443c360cb79cf05606555dd91a371bf2cb0c0a;76
4f97c3324de55daea5bbdeec51fb6f7aeb4325ee;61
6b90eb134cbf91a2552aaa83afa6638bf3938d6f;15
3c248beee30f4265f90352b20cf9f699d8ea0955;51
4b7e20f1053fa996a30a51c8f8f6333dd407c5cf;11
6d24115b9799110825ed0484b1ee0791c6d809d2;69
97183f8176630caecea4b75425a1728881460088;83
53fff753f92188d3a207b3521b737704361450bc;9
6f70ce208e478a283a441cf119759ff380b2ae3b;90
7c1b8e3cf7799110ab4d29dd0563a22264ac340b;18
5b41f5019d16bb8f6c84f1e0c5ebbe7ad1b7237d;40
373f9717ceba7b7ba761f6bd32bc40eaed7704ff;70
d1456f665af854eca4eaea5e7343d8a519ac7be0;96
f8178d2adb3de0154f4609b922dddcbdf0fddc86;56
44c81219a4b765fd589eccb38c994df18710cfae;81
74fafc53acb6e1af9fb4610f51ffa0f915e12653;91
a5fb6d8e647e4ae46c8ddf3f42da24182cb2c50b;48
82e5c3d7aca94c2aaf2816c77f084ab9f2c34c56;27
113919555b09f64c7a54e540b64dc5a51e150acb;1
d18ad364ec29cf5e007a2aed9a498706d5c5bbb4;10
0c354f741c92fe80b5966494fadee6216015c4f2;60
6a50c3524e030b9f5b5f9eb300958ded200e17c8;73
8dbacdb00ee058e168bd215d98592399eba0e25b;20
a82ce85dbad79d54fe80f82f3f63ba37e4396722;63
e4676f7ef5c23386151041ea19e5d045290a3bfe;64
cc7e5c42da6f2e4bbddce1d5137bebcaeebb0849;89
82fae2a338d70e1fffe57f6d993785aa3a5a9d94;54
de66bb0d230b92d6b7f8769d84bf53839d4f05a3;47
2bb639d2decc29a36114aff1ba26efacb080efb0;35
de0ae6fbb6aab54a78c14791bce676efe8ea27e8;47
98bf366c9822957079e618ee77ac2b5332a9a07a;84
029094038c7c90810f9562f858c17b86d202118b;10
038a33746e0b864a9dce494e3f52b7a25313d7ff;46
5723052abdf417556b64cd451ff426258fb06e48;70
478d2ff82d6969dc63a752feb272ceac4a0b28d0;57
d63c1b9a5f171aa7300be4e6091bd5112f57c460;10
23b8d5f98ac3931078fb71b0cc2bdb7e1072019b;33
fb6bf68d035bcc2d7f795245a76ad81a2057a6e3;2
05d6cf9d614378b9e9ef650f1260e29ef396e897;16
7225379e93c75f4deb8e2e73148b532117ccb7fd;18
b6377c9b6da931d7ef75dba20848c71527237957;3
c538b95fc90e1484ecd6b74a80b54628b406872c;94
75bf90c282efd354c6b5f34bcc42f76c0d52caff;76
5eb8e703bc1d9f267c8a2b06613932bceb20c519;82
1cd97a57fc8057cd756b29aee6e1ab43a3ae69b4;49
00fa0b3a43e3dbce71156a7741ab7c8a75542969;68
73e02ac97349e9e7782657e99be9fcd49bec4de3;54
0e34b9da86db3bcd7b27a098d5d531922f4ed92e;52
cbc289470b9e58771670fde840ce95043bda7c43;68
e1e364d3f0f598c333944403a0d4176a7446fb77;2
25f97d013e846997197c30107e3b443b13e5e3b1;61
c846de77d800fe3def6aad6b6f27b2ab01a140eb;32
9b56f748f6dfc856c14fb306e07565710ec48506;89
bcd033b0485ec6c7d61b00cd00c66efd321dd6b3;93
3484ece9777d1a6344ca4fc40f0173142b97f31f;5
8008c5ec542a41187fc9659eee2cae6274a50b32;23
1d1f47c672e3d5c4da2495bddc9d1a32a4eeb814;28
7aa10285c5d1b8835542844e20f83271d84cd12c;95
3238f8dd5bc890c1b67583fb0e8e98beb16abfa1;8
cda73673398106a0b862f4d88dfe3649bb638105;51
788086c3cf0765121a879d790b2dac731c350360;11
f45805eb0d17da583b1ae297815402f2ea60e772;37
838e2abdeb0c400a1dc2182a76cee136aa209b1e;2
bb5875491bda460eb7da1f643e393b0cd7e157b1;18
4b146d00cd48f036e0cbd885808c000bf00220d8;85
fdc4a015c2092fd468cd4401ac2707f4d1f85bc0;12
50efc2d540a9cdb55efb2bf62341f70876960a5b;44
c50a5fbd70efd340c2aa49df0a8694a8c376c341;95
c585fcc07e680a07d2cf301fa0cd2c3fd65d74a0;94
4981f5c9a7348f2cd2e6caa13f40a2ff5bbb9de6;37
1744a4f80711ce6222f36d4d2abefe8ad9ef1b03;11
ca2c71e2a4a2348a21d2cc25af09abc881eeed46;80
948ae08cb7621b0151cc9ec4dd5934dcd806a71b;44
97026f6af1845b24e48535d728fad2e6ca4b54b8;93
66b2aa66a7b31911339128759359678012605e68;44
f0e11dbcf76d01ba0f594cce31ae2f7704f30ea9;26
fa766f7db617cf9dee6eab70283ddc12462993fa;26
836268a60f2c99b85f47e64a5a12b76e9e3dc5bb;20
1e8f5724452a9c2c281276194891480b44b132ca;55
3661267f5c8862dfa2fae4df617f8995b7277be9;52
f95188a9f039e0844140b0a858e1e5a64e5ae8e4;15
7b05b5fa13e82f922421a33785212c75ed8dc70d;34
eb963258b82c20836d80772e6099634c3d08bb88;1
8a5de751193944824fd733b563b14b1b9266ff93;84
af8a3eb0d2fa6f798c26d87301654a482fd8a104;63
b835e6defcc7b998f304173734716e9524c4e31f;19
8e221b5534298e6020a67431dc11d1383f0a3801;66
0be4c922098177d0aaf4df09b9fbae00bd9969b4;84
9d8fc2dc98ee845f28f72ce50843353d53d94c0c;79
8b319c6379d9a4d8606d3b8f17a822ebfa902d4f;12
4b6c2348d3035956421408169f692c8450c81b8c;56
9ff18a3bf7856f31b2c4bda3fb727aa7cdf997fa;41
0c71876ed5326eaca39c370ad87c8f841310150d;91
3eefc0be347cae4e236a00ef05f809bed630e49f;43
aa939c7c2294c8825a2cc9c7d16c8967670e5782;90
a4cad83b3249d0e19558adb162d4fa7bbc000286;10
5f4077d58e54b0cf9ab84c2bf1ae54b8bea0dafc;67
f9684dd0f05d85f630cb421ff83eeb55505a0229;42
cf8e2abf22d0e042b4b48cb2d15b5959361598ff;2
9321b5bf6c3438ca7c49e1a5f051aeaafe5e02f1;45
e0d4e17cbdc59afbad84cf6eb0ae6dfe20e3c535;14
3fbade6af1a84fb1d92c6a4c4d55fe3312d2f2e5;83
246ad7b1bf7207511356b5a7a9012222ac71583d;2
3397104e9ccd0fadec91df49ab8fa9752d638505;55
bd9b76af4fa86e159bb0b99223777ff3551306e6;4
c4e22f335aadcc98580932a84eaddc350edb5ae9;93
fac053f05979cd69dc60b527f9bd16ac23804fbb;80
bd8cfccfb5b48294f5e65fcb4eb19c5dd5ba20df;85
dabfbf02be640725c894de3b2f526466a5c35ac5;21
60ff2ae854a45e8686f38677d4e45e66d33d7b7b;65
5d8cb87f30f18fbb93b400df4da4ea0962a4ef69;40
f70351d723c2f18f74ec32bacb1c9611c6c48d19;92
a131f5f7e2d4edb194bf50103a08262f023813cb;62
c7677aa82cea7c9d27f23d1813727ed9505c040f;9
9809207e8146ab4f6dc140fe24ef35ee29a8ba50;54
ed3ad9d694091f91d4ca0ecf27ead540561a2535;59
290e91dce8bbd864579f413588034beac8863dd5;9
27e71f0b35f098b9c34596a85d3d9d06ec21bb33;65
8a891c935696e7a435260202ca69bf793ea671b1;65
64d0e678467547da8543ce634f0a9c2ec54fad47;41
44bd29e86e17be1a1175b713d5756b6968e7de25;47
a78e52000003e56aeedfc631ba13c836b0d16065;96
53fd25cf3412e110a8e36f54986f03e8eaa5f8aa;36
e30bdb7bb41fd08d3c18eba278dd652bedbca2a2;96
d4d417f043b11bb612dbbe740171d68de31e19e5;93
f6ef768ff569ca46c5bf28186ab4252a8036fe7f;38
243cc8431102448e64c5d860dd5ac4b4d7f2d4b4;87
65f6bae599b99828f6736d7edbab3f84721dbe70;87
670e5e3823c7a90c8226c48b1b6bba3c2b32d8e4;98
a01115fc5a89d27927f0562a891547a72a2c6dc8;63
d0d923925c934815968af196b0dde0a8de99a224;13
2c3ce60aaf3e2d9ad5d12a132aeeef5cd8edde60;82
target;45
0167534cfcfe76e287305fe112c6fcdca05d960d;16
e526dd1e21853703eec0a43ea6bfc613c3f91984;9
d931adfbae9969d4364fd31d41f7cac4c6c0da4c;10
f2eb2d129fe74d89eaa7173b3a4193a860903acf;78
1826943ca103e1eb246f3ba85865a95bc30a133c;88
47e4a372cee659109f06f37dee2629d6c5796577;60
6471dc6af86a104b787f36336ee6b87f28121636;73
24702609fedcb21636f982d103ba049abb59e14f;79
a3e070254d8510c5ddd3a974bf8f520f25c3644f;79
ec3ff61dedca9be9842715b9fb5482cbe761c126;45
fdd703abbc297d46e80e37c845ec8586bb23595c;49
c3f839c7e28a3011929a42a699954830222ea0f9;50
0c371ad91a2d8b67a4adb9bf703d585e661c8932;17
bf27bc31cf1efb0cf8ac18cc88bacc26ecd5ae23;65
b0eeda390d4eb0f20d6db9573c97a3775b189520;33
d540a41eb9e06fc997eea4285a73df11a045eccc;48
d4fd2ee53b5a34aecd810328c3289bc208983d18;72
23405463f4c955f3bfbba4b89adf708551283aed;61
18286c387c528da79ebfd02ba95b6118536a2f41;58
509f926550430ce268ddb2554e80d5912b79a467;67
f88252dce0c47b04ec312811801cb595d4eecc53;79
16455c35bfcbb67df6a32d8917a029dd11bc4c5d;7
fe5a2fa16b4af26fe83d56f1dbcca4f92fa0987b;33
3a0a7ac558a2420764ed4d5c1a1868dcfb123509;33
2d065e5076b770edd871afd581dbae4366be9515;78
1731b272ae416f6c2f5b7e8f44fe217df4fe0f5d;79
a9573e2a4b0c6d2a2a1073aaaadac050df74a0c4;48
2bf3569cecc07080bb69307cced28b7397b01352;73
999e685119ebec72b3beac4c0f0410b4d59e6da0;96
79f8bae91cfee2ecb4f904d1cb2d4e8eae73f3a3;70
98d4c96ab37a886ac66533fbd32adfdc26f063fe;25
faf5112eb079aac6c0dad3b8f3609522c7ef76eb;83
21e80ac5fee2179b627d63fe9c44b1c816617a2d;78
1c5773c73330bb4703859bf79b5a551f24547381;34
d22dcfff19d4bd17c02fb9b0ed6e0f82174aee33;34
9274babaca9ba8074befa78db491e1f8e6466040;3
fdfa980e56dd0c54ac7853cbee7d32fc9abf724d;17
dbdcec06a318a5ea3ab9f7dda23f071aeeb7bf27;52
04c0534ca38690a4f46c23ddf71d2f9dfce41ef1;21
c269dcd4945ffcc3c41a351e35abaa2fc0d11cea;11
97e86cda73081b05a215c1f99ec037b12dad6f52;4
73b6d64e4c6128db193ffa946a80469aec58f979;8
679ee00b21c3875dd6874b6609b9e243c2b51a2d;28
319885b844d96309594cd175ab0fb57775ff793d;80
32c3233ce608726d0f7a6b4935f958f3b56443f1;76
3ed013858f9cd66a85fa0f55c0db2db3e33965b8;46
85ce4d6c6245823da59dc44aaacb774f4fad7a3c;76
8117f8fb5b3130b0d7276cc0d9eb275bf260827c;43
e6d8197e7fc7c676a29e6a194b9d69dfcac6b1f4;41
c5c4bf3f0eee601aeb24ace2cfc2bb4ef31807fc;14
922cfb7f96a543358abde322f5258b98303f5ce9;87
977909b79ce86f0c1f3a243d4c759dca6025af1b;31
b64d0b92f6f10a81c0eb9e0ff48ca225d1f6a7b0;38
c47daa8183d39cf3a3e5e6027209e0f16f1855ba;1
ef54a2705d3e95ff8063c8430018a0ee7fd30d59;29
918893247848f35900388f2eca91cad474a7fea8;95
b426449f6506130a2c43fb51404bc012c96f68d8;21
e9aaefd017865dd433174ba2447332523868df05;84
d37582bc3e1b5ef3030363ecaf4acebc9c19515c;23
68398f13e39d07ff3cccd96a448ae5923c1cb95b;61
32ac8641a9032c25fb57214ab2eec2d75c044be7;25
043a83d126bbc2bc53956a5f8314a9a93a942bfb;53
636b0e9ccd1a0351f1001c0315c80141f181e435;96
7ea352168866e4696a114204ccc4cad08327cd5f;95
283e041faf9675b7874cd34ed7fc879be650a192;5
e06a1ba0e171cd77443b2414354d8ace676571c0;31
776cd553ab3bd1157beaa9ed87315d35110a0e1b;47
69cef0b4bd41af66d2f96329eea0a263c19fa64b;13
0850a77a0f97cda724b5bf85ea3b11d1085a1aa4;23
77176325d000791324604b56150cbabf0ff4850f;17
154ad4555f9f1775e773c2d70fa2e4c3446afda9;35
8a815c716173eba0deb71c1e619596d5a2b96c11;36
7d2d0cc48f8a95a5ab145cb76c51a1e2dbc96173;78
a929d1fd3b505a548d54dc9e27502d684ea91524;34
c0e10efe0a561f74f39b45e355121109d069e38f;8
62cd620ce6f2cc9dfd571fce23db5334c4e6d7c8;75
4164b99099bacd4e53d42ca00d3bdd75bbf8ef17;32
08d52954f126eef026c4451b2dca70b92497ee4f;26
7c1ca6a6ca6835f9b0bbb587a5a383920a7a2ddc;66
ad501710be7fe41b7114a8b4e55bd339230467d2;21
50e830ddf0b9fdc02ee5abfdb524e9401575a95e;86
41292af948885c29adc66150a54776d8bf304174;78
73b3c4b0eb0e7472e8532f1ce4f5e968e12c23a7;94
e61ba71fbb6f3f44ab2c7c84b02ac477e638300c;19
3157e421a7dbd51352b44eb1f7b0f08175a27015;100
84c44e3eb066ce7cf6ab4cace28d0f922aaa5664;30
39b3bb4f3de34dc9c97309aae4c06289100a445e;81
7f7d4854e81baed95febb45afa01d388c15b261e;43
4fd9b7580b6f3192d8832282ac37ef79ed85bca6;12
7fff1b72ffd3be885598febd5e9015e8e44b6e22;62
4a3787b26acb11ba49f6d5f84fe4154f79bd5fd6;63
9cd100480f863621f7d1ce8370feb81a6457e6cd;65
8837daf3efb2927ed292711f7061f4180d442e72;83
a43b56cc573e1b8fff19c37fc4c9206051c248e5;12
9f4922d333adc97abf0f0576e0db2cb62bf588e4;43
0dee48822fcc5344bcacfe21e49dea0101137fdb;7
d065facf894264c22198ff8774498cc040eae4e8;5
45158d47b4ad5cbc49dccf3fe4091d932e5ad99a;43
c4ccb14536518e5d1d644eb9f9ed7e91926819ca;47
ce64f8fabafaf0b34f0970ecff082674b3b30729;26
0085fd9d7c44492214ee8049729e0b79e956c993;85
7592fd281a2a5fdfabd0d05dcd94c38b95557587;76
8c2942f36a4b95072b4a3a80fc2629b0ee62c702;54
1c1546ceb6b6173dcf3d272ff45ecadde3287bb4;90
e32893724a13e19a20af718cd2525c6289147ac3;75
10780176fbde5f43fe8f86982a910210692edfe8;6
8f800431be1a585b730e9f87080ee8c0c76cf8f6;6
10c6a274749c65f8d897b874fc00ed006d2413bb;60
9a70ad191707c7757b157a99f1ae4ad405ba61ae;68
8589e5d4abf0febfc5629e85c81ba5cc95d35381;89
deaa431b34662bb85ec132033554258d0e74ee57;43
c1c840ba0d45911a3506ca0bbaaa6105390085da;43
93520b3476d47608e4b40647d402c75343830c17;10
a9ff10eaa952c6e0d5fe145f1c84b88a7a283b2f;74
e83b3ccfb184cc04ec16a49de22450bac2a92e6c;93
1fa1ee85659477f4bf4d245598a22b1596df3237;85
5a66a90c169936524f183da69ecd7ea38bec32c1;45
6f782244dd6daad9d19e4cb7c59b28bd3d277598;59
35a105b7b89115630ead5315e51bbb579a2ea343;67
f8cc61bc712ab2bcaeba1ec0395d0b8a3306b306;96
65c70e18080b4842998dbabef98ab8f9b90bf34c;71
37d60ce881f0741cc4c82c3bbd1bf461804e7267;31
c8674f18ca0cf25ea30086d01b4ffb3ea9d79bd8;73
5c5fa5f88c70a64b6a2285bfb901b91618c24d4d;85
8b01eeb9d3e4cacaf3f4ed3a32bf39ad7d3d1b74;40
79bb753acde68a30372e13b42ee8254688fbda0f;74
7d280c2d919bb58f76cd6c50189b64197997d17e;84
383e614c1254365f1a1f6d1f5a709351f64ae2e7;13
381ed7b5a75e5b9ecd3c70f657eef42517499d9e;51
b078799df37de8356b178277d4d3c48e20a2df4a;83
a0021d4e859af50fab434d38c94f95d9cf256a14;41
d502ced2fcbcde2803d42237cdbf089f1ac93633;80
e5af5a69d005f19ecf2d751f07ad9159a48e6407;80
b03ca57aad2a77396176aafb27dcedd7abc78834;56
7e8d79ef4dd4b9a00a81b3196b01eab76e2b5680;22
1f5ec1201a9e5a866696c2987695cdb57a4caa5d;10
44d07cebc88d0949f44240ae6ee9cd0d22fd153b;98
539195af4a0622e5cf7c713206109be0b6aabe1f;26
22cc20f0c467401e6486834076eaf4744abfbd35;51
934156ad4b62ffb5f1c46085856982de7e5b3391;3
5367731e9cd8d2d4eaa3cbe6a2ee72f5e269c418;47
6d548bc1d5dbb4ff0836e3f7fc343aee70582454;3
1231a88a5f86b352e154dd38486ca16d7fe144b5;97
f0dd3a9516ead5c113772b837c1bb9c96075aa87;58
53f0bdd6863fc0d4a9b8fbba43d4920f50d309da;26
7020598e700f8cfff735ef89ab904d942d39f681;99
79d8061ddd805f1498825cdf0c8828cca79299f0;58
a962490e457e1d988638047baa9307e2c88c5532;75
2fd20cfaf4849ab2bf04c642a56713b157fe4d80;17
b660cf2283fae6b21f630fc9191912a5cc915950;43
2ac52a6331e9b4c9a3832738b55707d9a28d7cae;99
4f6f57b58b34ce456b7b8ac02f07aa65d4976c49;50
96d28d75885372d20a0a9c8e5b9e4ee13ebafd37;55
69f83f2d89c21df0d8faad68d2c74eeedabd49da;4
580652e6ab2ac7464cb8bdd2cb4b508af9ff6f49;23
eb704282bd3b0209ee6d24f805464a866b851360;4
1a8ff42992d1a460fda4202a386716eaa736b09a;29
0303419170df1a29a1faf17dbcfbe8d4150cf877;36
b863a025f0b90654aee7b58da617d826ecae7d1a;86
73a4a4ffda6e1216dcc9cad33bfc75ad1c3ee5a7;98
1742e1d161987b09a2d24d42022fdad8ae0a8b99;94
9cfab65031d4da61d4d6126367510f4a4a197889;16
422e7f6f2564cdb46d89066ae38ea15ef87a621b;53
3546cc5f8545dcd80c218543e31b331848ae2c42;44
d5f95098a3dd310b40bb79361c0802f6d5acd9f5;5
de479761fc8e9ea3581e4c954eba8e075541fd6c;79
d5eb0c7341318339299064d9e01e73cc87ef204d;33
82372291bf950eb1c8e679425aae198fce6a9032;74
a566d2e43d252aebba47f51c97ab7be8a8212d30;92
91f5b0df2d341e901d8345e811395df3f4ab3f92;48
754759818d60f0a70033c037256f31a7b7932825;43
0942d50a4cf1bff169c0b6bc6b9c473e0c6851df;69
3d3c9b7916a956b8438c8f5c7852652ec83a0ac2;97
91b45358b7d08d0049b950ad1fd34beb32a2f86d;100
38d99c4e8aa8db3a41a0532fcc0e8c1c7b90facf;21
dc2b4abaf0bd968ab6c96db57a0e92cec822ea60;34
cec28ec83d653f15d59b49e8307e3b05a9bbf331;67
3df620b44c23fa0874eebbc500dd140253014252;17
1027c1426dbeb2620f12a91dc5f7a64befc12466;69
bf0a37160e773cb4510f61ff3f5d605c9211560f;8
72c920eece0fdacf5f6331fcb01b342ccb7afd53;54
61e4b4141007116c5d9715e5f8970da1a7991671;9
618e5088195675d1534aa354118e24db7be91601;86
56023cd50036b7b5482d61b58936001fc6162fc3;23
3a3440c1fefca0e7be3d5ac641a20d8a766733b5;7
e2c5f7305a9bf4d027e2cb806ecd37d7f48c5b22;12
7a18ce736423446ed07c63e1e362299a560d5c45;26
f6538df6f78eb232dda2efb17c6db7315abc9c7a;55
ac1ee5f6c35cdc248b611f4770b064d2f23eb30f;37
8468b79c3558919c99f722d131173af245d18337;54
6596268376d13e1c02789503f99d47c4c1256c27;79
a075eaef07a8db42b05000ad99b98b3bca0fd65d;37
8680f3a773591523f1baab729c7a8721543fe278;31
c4b3da2f0e4e66a3684d54488fa5293ff952e0a1;39
df99a770710f02154049cc8bbb663852fd393971;29
f7b6c5c880710b29e324ee58954968836e332fc0;95
4e35119dcb981328de1133b655004b4cc730b6cc;74
0e856cbc06253adfc7c9b66a472d4f43b1c8914f;11
6f2aa5ecb62523b12382d81e768b3a19f6c3ea47;13
d26bd9691a7206520109583bd455d72d946b870d;18
6cacef56f1c16afc8c7c321669c33079ade3a8d1;42
b4a1865f4858ad1a98b40011f980c359469d0130;11
d8f587fa3273e52975dcf84701d7dafbbb103776;7
9b6d9db98baebcf518f75ef050cbce2dcbc7aabf;76
b8e7aae935ebc44226e0541f524504af06a0cce1;44
f494ae2e4975df2f613f85df9baf8ef18513160e;73
41cec2b8170b9d9615bfabc24b70dd7eb28c80b6;11
50a3e950640295eed42934dc4a94cd036ce2e74d;9
122f22374e408642d665e9c507605d1513bc61d9;20
48ca164c1a0d18ded597238c5b31f0df972e9fa8;84
9c17d2f77ac149ef3e7985e678e478b7cf7697b1;49
ab8de64640d22ad2558acb8c4d2d7842392847b7;60
9927ae749be2dc4ae22f316853e835f394f45394;3
2831121d3533024cf771eb9d8c53a4281f84168b;90
44aca88a14c1a9c3e6cde8a3818caa973dc827fd;9
6c76cd31c1037e1d14fa7091e88ea7149a10d3e4;6
451e6454bbda02b3fb475cbcf06ef81a3805c237;66
b1ea5eb79243e62a26907e07c87ef44f119ef030;63
4cade6b5e19fcb0ce67c73533d1a3337283e7bc5;70
6c20bd111cdcb40223b617265b3befb8febd56b1;20
add3ce8d7b1d81b654d3ffcfe4d018b500bb8417;17
58e152de7b54ad650b60aeef189a87802bcc786e;34
52f1f250bef70349c2e083b214cef7975c23bf9a;18
157785386b3ea76c463e57b034da7de4557819d7;44
e7ef65b6b478b7b39fef4166c2fd59eaf4274f98;86
db223de47e6acfd712455291ee562cf4062974c0;12
c02fad35a06f77d2abf9a30dfe534a7a255e4940;32
aac0007c5dcff275df703ac2c16aee28ae58bbc1;16
db121a6ac350b4ce55b17ce58a6be59a5f96cdf3;38
777d2e058bde57016721e9e6f1f07f89aa0ad0e3;71
ebac011eb95d5d4954750e5535bf39c1f599b552;93
6179c5e1d171092739ad9455024545667d047f53;53
3827863515ca894c9d33bdf7ff3cf11adcac6cec;72
50a97b5bcf011dc09a445d391763d586b70e688f;44
89be1cff6776450af51fa192c2f8bea595fe88d4;18
bce31e33735826aa56f4208283175739f5d4508d;12
9cfe4c023d6a5688764693bdcd102ec763b30e6b;68
c7630a83fedbb9a70be4cd5758b3846319c0993d;28
7e10d1109e806b11cc926523421078082c39ca2a;64
858bc23865d41deba6d3e6ae718dcaf1b458a401;35
b7010a6523478b12d7b3801522917fb69b6a4bbe;17
bdb50413b11a0e96d20e2bbcb054759eabba0b7a;40
fc92daabb75cd907393d4d3a53eab413bad2111c;1
b6860b747a90d657bfd384e1463892288a21ce9d;59
d760e7a5d97920ea70d3142743edbd7117e78676;35
78d618a09cbaebb0185d8560a685dc72fad93d9a;45
2d0aa7ebb80a9180e468169fc3d070b76745db6f;22
356eaa1a1c7dfaf3bc644df87ab287330f4c10b7;31
4a993f56ff676990d66e025e879050bffce1b7f0;48
dbfe62442b22c9cf3827b36275beb7bba3e67fdb;76
07f93b5b36b8beb4c410faa01964830b447ad92c;52
4bc7e894395b370472d44c2cd244159b047e4cc4;5
6a93a66d6c2fada2988aaaebf69219f695a272f2;51
07cc01a7ac1df6280524397c2b2e67810fe47a8a;9
c9687298dc3c7038ef0b51541b69163166dd9bb5;2
ef2d347a5779fa88e9d88110c1e28ad07c9d01c2;95
ee07bd59f2362d82fbd992a375449d5bf064410d;13
1b92239c3bddfad7d0b52339d9d2a5503e20744d;99
bd4eac1000ce1d6fe52877d60560b6e062525f4a;5
af69e4517bd2813505689510c5b06ae56b437555;11
5ae8c89c6b9ab502b7ee129488191b135e548120;6
833b7d28d5efe8533663cbbbc299c4bc4663887f;58
03c637c4cb7251f0478642712ce3943324a80f7a;95
c4abdb2e9482c1e73b6142abcd01ff65237df37e;87
4a835ffa279511c467b2e54c2a206c07b024cfae;32
1ef9a4c25a18b7e0c0d1d90ae376c30ddcb1c4d9;25
02adb1b0b8bb1f0a4f4b6acc5d19645280deb8d2;20
a0bf97d9132f8e4923950c51632be2ddbae54e54;21
3f129e2b925425a6d3b41c77ae8af9e428c859ea;26
29a089e16f741b62655e2735cc07f4aed5b4cd35;84
806d6c14fd3d81bf518ab52076d185d3b03c3813;87
b9f4b3aa473a6ea29db602bb3c301415b668c493;37
d9b75a8d444b5562b32a93d4cd5bce8a88e8e539;61
3015ddfb4e19ddd538948a399571e066b23c7409;89
934ad3a896216a4a5bb6599b9af3ac7908ad775e;94
62f3bd3bcbbb52fd8d3c8bccb14ebd59cdc85ac1;84
54f906db11f37a26148f5b7dfe3160e546434b55;12
990171d42b4430f64398cd8a5d8d8bb54c4d007c;37
c4c1adbbe63c784f23bd0b5c3202e59f4e5f2fe3;69
5c170be6fb1769854764af7fcac0639d3128e4ff;50
fd8626c1b26d8d287f956fabc40620006543eb3f;63
cc569cacb6355191efbf2526093c7e9f33c47029;97
1abd61cc80f095b6b461bb84ff75a237579b7239;92
654b245f9704d265a3a4f1b8541911d1f4a81cac;79
7947e44a06c632dcc61a7489c0e0364dd9272f30;2
c715caf83a112b3769c2b02380b96ae544dcc6aa;25
36d065bb0f31d3c3ab9c32a4a7e00f1fc2133da4;71
8256d17a6274015dce623d12972f2fa0d407b951;83
43aee985c70f64917cbed5215422a782bee5f208;54
b5e69dd6098e9b9125afccd370ac3e636c378efc;18
cbacc02236a3f8db6c1b164c65673167299261e2;50
0af2feba9f7289b06da3c8d95654b4a286423053;56
2a785dc0c0e90e77ace6f4547073c99521cc6580;26
d0bb65c32096d31798ff4872a682883013b65415;13
5ce2a30177900232b044a69eae9c4f344195e876;88
7d08fa79eec1e5b8ee67b0a6433c03f8f8d60e9e;87
a61210a3886c64289cd03ba8c8994f9e7960d323;21
ebf28b01594c407f444a4d970a2d6c80d7121f7d;6
46831d88f5c108116deca573e199fd4bb352b715;75
1daa81291a392e94ef6e4ce90708c83f3d1c8da5;77
f0b5810dfa0f6f31eae749aea7b11f4e0569308c;46
ce82d000d87fa0de33ccf7709c3bf441756829e4;17
d64691e08461c6acda99d928b9ed9fcb0da7f532;52
1bb82d5236ffb5b71a6520fce21ffd04b02186f1;36
50dee1849f611814fb5500e70e1ce1bf4fe64a43;58
a08020aa21305454e9fe62821b2e8eac7afe242e;47
39cd246a047e7041f7cbff140d61f3f32d165aa4;32
5e2068726025b085146eb4e08e54e64058920a2a;36
cb0ea302f239feb2645f988a638c532c47543557;24
8ca485c6a8d708e7716b958eb46286bb16c71b86;19
e288e2be442ad5b1898c16b9ef5a73c71d4e0283;74
40b2a19711e49bc6d4e3ceba36ced3f7e92b5f61;22
bb4daec70ca99a5c03a42c1eee5a55e2c6075a3d;60
a46e40f0e885bfff0c8bf1846d97632982193577;72
9254ad8c934966a755ebce1d35ffe4bb4bf612b6;8
d571ba355039a35e8db05b41f6f5675ee69a0057;78
ceaa1a6f746b815be872a584eff1a0a1790cb01f;37
af7e678541e46cafe0a40897b8750749d4b9a18c;28
6404f85dd715da22b1cd2b332d1fd5fdb41c7dd4;91
df57d318a0bfc4a263917f9de13a33913048d854;40
44765a82b0dff019cb4ebfeadf2e7c1e777f3b59;100
df6bcc0cbd9da3bec140856ff2260e868b2a4a79;25
322578a70d3fbcbf06613508d17074d0a232c2df;18
d1578bcaa18b6a0b014cdf591c434f082019e6e7;66
974a047bd6da1138b2ae51ab48b454831aa90fe3;96
acb74d9546e045a4b3db77b61d12285ec2714e78;40
aa4a3a412a4abd566b723e6f2d396c27bb433d7d;71
a031b977e3633b34b9c70ad03921853d274a4b94;13
9955bcde17c9f75d6c211c591091fc68cb911e64;30
8ff4027b05058652f522c6cd3518127f3e8e55d6;48
9c83861afd53675032d8e6f2b9db56098ec55573;53
f323a46916a8aeedbd93ec91b4e9d4a0dd6f7640;43
3c936f7e94b4ec70d18e0e0603b51060d7d2a671;33
24939bb88d45c9f140bcb264a45f3f9c8ec5f00c;78
c721cee52b13603495884f0e6bd543b6254a68b2;21
2c93ca4ed8226bff101b96e06354afd3f3d27629;37
9335b8ebcfa8888572a2f302bae7a6f54e23a820;8
b5d78608d84db1d5e9ef20370a3b8d6fd424aa62;69
914162e0842050cc07bbf5fd41772b90fb5328ad;49
056fdef636524fd608388b648852462810c65984;27
aa71f2291ba50662c2dd4da450b299b0b05d6349;53
d09d50bb2c9135d3b344ccaea57b7970c4ef26f0;71
3e0f894f73fb5fbce221f44d031f4a972b531ba9;43
4ba2545382863e41ba18f239ecb0acd15b3da18b;88
270a27f243dd7ee355a832ced04e26d6c0551782;37
5008e94fe03b1375b7545ae7a7aa75366ccb2ca1;46
cb1d86150509d93524ca17f69ce50960810ee699;36
81022c41c5f48fc75b67fcbc12299ef39d8bc7e4;49
c12f5cf3ee0556fe570b49593fe6c8c7554eff56;80
7a768567fd2b60b9d5020a5dfb0b5e2e5d54bc9a;75
498c79cfe5d09596b579293cf2d8ff3c96c2e380;9
262261cc6552d4170055489bc0ae6a4ebef65d6e;54
9d85f8ceed1f95f6318e2be24e116710a8ed2e81;59
650829c47a39d667fc6cb1c4217c489af8c42679;60
b44c717cea0b71495f15cdf1564fd1ebb75e7f27;84
986cde769ef2232999d3f990732cb8e19191f1c9;2
9c1971a41d0a45fae8db1f1b3f1ae99b729357c9;5
ca5a8c639401ac983931cd934ff740b2736845d6;96
88f9b340763a3b7165bcbf02a866969662804ceb;63
9e3021671f79f08e9b4bc6c668dc952e3108b389;50
3e3e8f476c5d3f5138723978a9c67c44b2b6ba00;30
2eb56994d8028caf3fed9bd4767afcb0a6ad51c9;72
e1c0f4539395f43fb0c6a5faf0a45ee8b29833ed;91
35b33e453c5aa28732fa6e2c5a8c52eb9dd773d8;64
6f2a33d138fe45eff6a647d1261659d76cdb6b85;59
7a03bd7a6266a4702a78dc472f5ce06722717b06;90
d189f73ba3bdd4beadba70b1bfa536f38f4ad8fb;81
7925460f8d54643e7d1768ce2f54ecb82c332cd1;59
8a9eff92c11c5cc1ee36e8ee8c4243aa73bcbbf0;75
8f493f26c2decadfb96fa19955156939e52cfd3d;35
dbecf83491d4ca540be6ac26f61b6917ef6cb284;94
0a8f4729f7899b7950b970d93769603cb62fc595;99
10c7964425ed757b01d001eddaaf5d73fa05e09d;88
81ec79b28e632204463ab8e99f43cc339b98fc32;45
db45c842f9a6a779c532b3d84b0db1a73ef8a5e5;77
f6b0b0500680913e47cffcf16f510d2de25119ae;54
e3057637b9eb7fa752882ebbe3766856fcc2d28a;39
9530b3de08c25a2de5fe4b99d642f9fef8bfc3af;4
6aa85dba8ae2b522a22e093f26c288dd3c114afb;50
5e7488d13c9fd394dd1cf7bc885fba3495541f02;79
eade1fb12e083795d0cc2c148493aba2a5512bfc;94
cdbe1a33b1bc79fbc7e3ee69271ea53fc8d1bcb3;72
07f3d69a6df8410d9b6051f7cb649074eeb99cd9;43
6ff6209822cb1e3b5f2a56b1d0b5b6af2ecc9a1b;67
33ea589daec6fb093acaa62c47513e45f559d3a4;88
ca85f5bc19b9016940424d42f1730f9d28ff4cbc;22
43224efce980b9d812078d89fa27190d75f45a47;98
04d7747e72d0425d2d309ca9e623d63c15e7ccee;9
3ba922d959030f903b0e02eccb6907b0761fbf80;17
f214775e9169e3f77f9d547df3732d08bf39830c;16
621d8bea2e327c7df1213f9445e6ff2b137f45d4;11
59019f0662d3e10a58a644ffed35325043300a15;60
cfca970f760a8bdb950b74dc46697da7a1de0d33;22
d95b6acbd55f2933c85ba12253a13fbad6338c1c;37
9208609c49b54b3785cbb5c4856cc1dca6f00d15;81
37ccb1c3a5da0c3da57a6f7def68bf9c2aff13d6;24
92189843de63eeac2aa9024c45ac6c79fecf32bc;70
c2688286ca0534d8c556480ea36b5d29d884cfc7;80
22f5513c57dc613340b18f0d4f06b6c500fe73f9;79
738df9c605b1da00b45f3ced62f8dce688c0a702;17
46e490d4c3c607c0e71f3f7bb40a69bc42a9769d;11
a89b7e8a2fd2fcb8163a4a42af2c5e55c7a4918b;73
89e54f517c54317552b3b248f6ded3b99714fe39;97
b7db834f9efec6e506fedb71adc3f5edf9b66d74;67
e0e898d59ab2b4f11f6f4f31c8c3bc9c7fb292d5;79
f9cda16e6d58fe5048f0c8dcd10debf5a531f0f2;17
8eb5a474ca942b233af82b45e9f1787482a1fe48;18
791fb8dd27fdeb3dfa458a0261e078ca21beeaba;79
aab53aef3ecfb1022360e53e8f6bf555f451ab5a;62
f099fcc0350cee5124c80d2fc9e601f9902b74e1;53
421eb392551d4a1b875663ecb25e00618db6ccd1;59
531aba077076f597ff2893b3dc0b54ce54c54033;5
975cea617c92af4132a347a6cb43fa5ce4937c2a;64
34c5d6e4c04f73f7fa4275100e273fabafd537cc;95
519ead808f99e5898b7fd617b947fe25f5fe85c4;88
2a8932aaf9d3e263df732d8aa92e5ca1635a8d34;8
9d56c52ce24a7e81bffd1a2559f2d1a7c8ec0cd9;80
c6c2561031e34c198c13875c4b72cc245e97f65f;64
fb5ac081354fc415b5bbd3c7b70aa0ae0c40ecd5;87
ecb07c2a4641685ed437e6549f67c0ad48338252;96
045cf4e02e47c32ace52878b7f0d868e5aadb3bb;97
348ec4659e62185fce030e9508c926c36a13ed56;76
6cfd9d2f5b376077bfd9a960f5edfdfa31ca158f;29
89b594009a18c109dd54546eb473a37e468632bb;65
1167d229b73681edc583d9e114fa9057d1409a15;25
01291c79ac4f741c37d4f485ea3c3d1f9bf33d83;22
3b75272d78c14584d8896f92432cd5bcf12fb1ee;51
946a4de69a37603e0a7555ffc2bddf02952940aa;89
7299356d839dade1990bfea6ea3f2fcd2ef8f8e3;21
c502f67e53d8fa3c8afb030f9fbd9192af70a871;51
fa10270b38fb50388d327105f3e051f9b42a6a1b;50
e05a9e284a8d26ffa94fbeb1a0adc1cec073e3e3;22
68d2b3e1ec1ee8b5d56eba959a83213c8557c1e4;83
efabafd31745162115064ec55f51f9af1312a9a1;69
79bdca31c778e8026a74d1156f952ecd6eaa9c2d;13
37cd9186e3d27df3e83ed15a6e384d74aea0877c;18
4cfae0ac5cfa1c14cc35a164da6eafa829dcb66d;54
1762a7502cc0c78f73ccb1e3c9a4770b0d8ba77a;55
faf462756251825bca336cebd65463f6c4e45710;16
b5fad36fbd7361aa359cbcf243cf96e03429cf1d;46
335856c579e85b89002ca04dc465948986018b4c;46
e769b2ba50e0e6cfb39e30b3d7a504a81e971b34;57
f7f6fb387e4f145ce8e7f72943728cee7025a431;62
04bf8f61f598d8bd4af142e35d475351e432c3d2;68
a628855d2877e987d67f14e43934c23fb1b2d715;72
5976cc96f83cfd3db0ecc6aeafffa0d141c23405;74
719ff4189fa782230fd7e1fed947851517407bfd;79
315f4daaf700ade2fe4d91db2748ea34aa7181eb;59
21a68b2425b14079e70e03b3eabdb655dfc660e4;48
101daf94ec36313bdb77456fa6bdf1b9613c4c4c;80
78b32f839484d994ecad31c6ccb04514baead7bf;89
c39c8493eef1cd38300576750df411c787d99725;72
c9b14cb581cf49b0d7619e1eb3e5c8e61f4456f4;26
8eba67b6e33893b9224dbfe4a6a1f375f7b50336;4
f49743bb29287fcec57317ae852d03bcd2853e10;30
a8eaab9dd0a66fa0a98eea910aaf983e3b31d635;54
11e1e814267a5aa704fb25a143ecc02f11285da8;17
d407973ef641eed63bbd8c2e0ed7a88006be72dd;41
f29ffede4e37f3157c648d62b79b99641d36a05e;49
f1d01678a595e345c2b4a190d64605048d2db9e9;47
dac5a5d5f17cac0ed501bd1dc951dbcea019e0fe;62
2916edb3a296dddb694b5dfb1afaeb266d8c311b;85
b5db277bb5d117bd18fd0f92b616da89a3247dd6;69
7e082d653a7832461982a9dbbd053efe9e469b5e;91
d2445dad9d88f8065592a87daee14d4972660e22;8
31bd77b781c453fa130ad27cf9f663ba7d47f926;26
332c78b182a3c8d22c55ea40757ce065d98ac0af;26
791a87d19ece9f0fd9f38fe0e772887fd395af92;32
029bbe26974a74aa833be0c8caead38159067172;28
b723f179d8d6d875d3c0356d6eeb96605bae9f83;50
a7dbfd135ef54e612db157e3ab489c71c287581a;88
f7a9746f350bc97a91cc883991b7d5d98b288b34;11
2eb0b9470f78a38e3a10f05da4595e2cfdf939a1;63
309446f46dbdec732f12fb7c92502fd2b634b831;32
40ec267e40eedbdfa4f85b92dc384753c4c7d43b;43
13b5f8d0aff4fcbb882e899bf8a0a4d8f06581ff;10
148b1deea5aa7e661242a3b8b3f1a3f96729be45;58
8b01a7a8c0a89b564ed0f45e6d3333f85a4e573b;71
a0c36b2fad57d5683403279565d8671fe0043189;1
45e2abd42986076c5d810a2b777da596b4dde396;29
1d30a3b68169e7e402454374de15172f5ff025d9;22
e8f079f9148111e563a7655e0baeedbd91e1d93d;73
358abca09e98d88c4220c1f931a65a2698eebae4;5
fc79eb18b9a8d32001d99b67fe65af6005c21211;15
140d0276841fca34ce67b64bd595d932c98e1905;10
1755d29fb8a3615b78206cf42a30a4d9ab5c8c7b;68
5c3e9b62937014f8a618d7d6508bbc2f61239b4b;66
dab7d7a63160400d5daab9c4af1bebe5f63f7aa3;72
a76f96acda002b9d145652ab7ecc99d9aeac9b14;91
a39c7ae0d37c86755c6669ca31226cb57f0e6165;28
15427a9d72d8b2c1040ca2769bc49d9ac1d9797b;45
9b5ddc4d33e39bf201bf0a103e8c172785076305;55
249454c87569e314b0074cab22fc5c91e1933da9;44
5e8c19351abc1d0b7bfee05e8478951690e56d3c;24
cf4adda64196d5ec39297f8613a1b00f7121676f;38
17f55be8c42c36410a796e8f23b256696f4c667c;37
93dc2c3d1a56d15244e5593f056a1146f4f25eee;74
ef05ea2692802a1db073779371a4a12dcdb7f89d;65
cf222f8a76985f72d0cb6b120e4e1635c5d65913;62
fd5ec3708a9a15d8e2794187d2de8eb5f10f1813;10
fbcebe34b2974477794c1f38faf619ee6bc31840;63
cf77d3fcc3e945daeeece28698c370bfd55ca455;14
b87392bdb4d0271bd326423cfce2f142a163d252;83
af7a2a5cdd0cc4ed98c394784afac6ba65eea089;11
cdef8cfd9ffc460a92a3661adb0ebe29629b3708;6
47bd7be53c3c813cbac8b42023f04e376a3ba283;73
678eb3072058c683420c5969add2322e49ea5171;86
8cbfd170222fd39a8911210b09ce496977ff559d;22
98d5449d6c364533959762059d7b638b54dfde8e;82
c9f0a5b1df494358f6dd817be4c65ad2c894ee70;33
1fda6ed0e3a1f19418f744b812c8b9576c3eca95;7
836819e139a64eca94354f79a075a70c8c8f2864;56
b2136a3eabaaaca9c9763535a7f2aa08fbba487e;79
985d433cd9625a934fcac490f94b75e95206decf;91
f5e6fa8cdbdbce8444a30dfc139e7d515a8d7346;75
37f7f5f4aea1f0c7c9d5fb713cb6b26d2f65cabe;71
9c3180d92a4d408bf5f1e2569cd04324f8deb0b7;14
1a29ec814ea65d0f5f3606fcd36e341e0be4d06c;63
b2fde6fcd826011464be0f380eb6e097a12ffd3f;22
f7bce2ea801779c3122b093030c55004b06a15bb;28
a807960c01f5d03cda8e30629e950f774e07cae8;100
73dd94429f57c652a1e6756d3a0cec7d88adc10d;71
ffc0dee853e760d033d5ae75d831000d28cefbe9;99
8437f5b22827022bd7b223c56fd057b26f8881a3;88
682ce9f73bec2ae3c39e9f9eb1905148eefc7363;72
82ecdc606ea8f9d05b04fc7133c0e198aa6a9608;96
0f67980e51facdc2b1a6ed0ef49c63b2d6e771d9;76
915982f5f3845d40da4d0110104e8ec4afe7353d;16
3b0375c46e8fc8751ee914998a89a0a316a96eff;24
7bdbc5c15af333bbd608fbe5768a2939cc320d56;10
49bf96c416a8af63743292fca65f839024e67244;10
f55a6e60591fde8bad2aa9d173f5dac40c71ddab;57
94afbcd3d65749004ea6e2fcd71133b805f0a98f;60
bc64361507ec53d530bacba31a6b299ad99c9a01;75
2a67cbd7528cc3f79790ef4b841b1bdea7d39e66;85
3ae9110bcedad881b14f18636b529a819474fde4;82
b86a4273e1d778fb6acaee7d11b4de777c64f1d3;4
a1a492e40693111a515afe56617624f05737ea51;8
f30221999f0631e84423039b6209cde66fa2a623;59
c9214d19c6f7f95b01e3d8719017da34842dbe9f;78
d56679d50c48b7429597b892c765be5cc0500271;96
f3364617bb68683f3eab8a1827f140ae2db90fc2;61
b7bb2d5b2bc9a2cbdd9173a1a7194a1a6db94eab;4
889d18fc99aa4985f20e421affac9ac477d28907;12
a6140d118e1dbbc236eccf556d51225b71eacad2;11
d1acb1296e054ab60c3b8ed9fab2ba5086b92bcf;47
f12e715947eec446dd2baa421a0bfd6aff49ef61;67
8a49194659edbf0217a14b12a23125a2a28898d6;82
742e22c49e18d88069d32e012bd7305ed9f410ae;85
2d6f5d07aa80b3812b358950bab16e0237cbe8a8;22
d7908bb7335102192a8b96670f2ab19aa648fc21;35
6c97451b401eae83084ec0afa793e8c2d7021b97;34
84de3a9c7e3b09294beb923ad88f0f463814050c;42
17d5678884d990a6b67d7a2f7619c6ebbf3f17c1;99
0d942be597e4dba2cd7f7646db10d6c78bdf3f83;71
55ec514c66e95be898135e649dc08d66df5cde6f;93
6993639d1b28bf78b89ef4966660f21cba365e1a;12
9999b97e7e40e48d95acf24f7c1d21896d733fea;21
5d355626b1126747674c1fdfac8066482d8c313c;52
7ab305e2cd82ad1be74890b5af4f64c12fdc7d22;28
9ee61c06672b346ac03dbeb4754012a15a2e458c;61
b49667881773ca8bd07dfed895d2a27780f790ef;94
aeb57af6a3972418ad52fb698b680e4eef322899;81
f7b9a020cc5de8e3ed7838b89dd324b328fd7762;52
55c09c4e0e977c67dca9601c8af0d91f9c5ca761;55
ee6cb964074c890de9e175de0ab1bbaf4074d178;53
01e49e80b0c6aec64bfd133ee53ef8d60ba9d10d;12
8b85e4d5ad8b103cc84bad6277ef3eefb525444d;30
3dd93c17d55326f722418c14e92a7f03d5659fb0;79
f0024b6ff54494cfe6e6826c3f016320057967a9;34
af807427653784b6ab7593ecd4acd14f2d3a2083;23
a683207768c6ef8b783aecbcb9ff805776a547d4;95
c4fc5601cc86576e600213455986336417cdf39b;83
dda06930128dd537219e0ad3056122e7e1055561;20
6c719dd9890f66e1692673d16d52ab5e5508a357;96
9b5f20332c2038eedd37d154113c410ecfdde1c3;36
19fe1009bce16e309fea0754931ae841d1a368bd;22
c00dd1d9d4e680523bf3fe981849b5c8ae820b50;45
3393723b70d49a5a9a10f7949867562eac96342e;40
0a896e8c6823d63c9bd014bb9d9656bb77d14de5;26
99a2dd5c2e407355b2c0233685c11efdde094f78;25
a8975388453517c5aaa7c7eea7799b6012ec7399;68
47632e17eb85f01638d3a82acd8c6119e13e3686;94
5ed529308a895ace63f154b4081ce1a682619e38;45
f5df1bc8e877a39112dcc28ea95c543ed4a2a2a1;80
26f203eafe6e91b4de86f3dcf36d5976e3c41c4e;38
28fa331b51cd26e1e7ab4528193c0bf701776bd4;51
138aba41c631b371326394c2ca8189840801938f;2
43bf99c7669b0137b9dcf8407037bc5113a75cd9;21
75fe4c43ecd3c52ecdf45e54d04e7c8fcd40ab4b;67
1af314e34f98969a73c1d2f58c5e079743e5052f;73
1c1617b16b4b7093869d19036cca46ba83b38fe2;55
e4ac4848835091168a038b7fe8a420074b533fcc;37
7d1381864658fcd06c4895c17226f7640840c049;85
83720bdf454770b486428b5312e79cc1ebcc64c8;47
af490d79dd53a220c3cddae887689221a3cc5ad9;92
108dbae41eb95e27771d88a7d3aadd294fe1f687;78
3df8b0cfd379778c0795f5d067d5cf0aad5050c4;97
130fb5642fc0626a3b1d4dabe64be87e916009f5;73
b0f82f22d4f9c0d60a830c3f94e06a840c1f2857;68
f2eb251b2ac087582d477d1474e1a13a35bd7b8d;56
3f939519c1e246be189d5c835154cfd8ece9740f;10
4c328cc86e3c7737f67a4ffcf5e34830ef7f8581;54
1292ba8f9eacdace4d133afe2a4cac0678a8a932;50
3318cc1497806f57b2a464a35041e3a784873a29;57
bce7d8b5a8aa63a256df9797cb02b082c90ca518;90
15c91bfb1bb1cfa85e863f94846711e6f417f7a4;26
fff033ba7462a8c7ca4e187c98b45787d767738a;23
878b634f0cbe27e95550e6840e4b9264a45226e6;36
a51564fef0e4b32b1c850f94696ce31595a7ef17;95
9a07c8e9ee38c4fb70201b6c9d00d28bb2256845;74
5244a78e0a2e8be5f5c26f947449cfad6421b8da;67
fcccc04b138bd99c036d17f2e96d09ad52b8e4ad;73
4ca7c719fac69e6960723eefb395e67e6dc9c84c;71
dc95d5cc8a84a610235ea611cb0c05d62af1d498;80
dc43d8d72fb793bb25f5cce6b7ee99fd58defbf3;81
a358291e66a7e3923e0c6591b7b3fce1f5bda406;90
db4b9a920c982a7efe7d8f5efd8ba4984a326cec;45
d640f019a729c1d881bed8b83fc36ef4b10eddac;56
e37db6b309c8f78f423d99638b97c6d53d1c6540;96
163b00cec3d12436a4b204c3bc7b23dc6aba0613;66
894bfb12beab622efb34aafe65e7ce8d3931eeeb;60
42a601ed6cf5d2db037d2302d9c5882b8a68bb99;69
cd86086d682bdb1561cef12519b11962a1ae04a6;52
6a6609c77879e04227565e968228690f2dbda1a9;79
e8a93a44885b71b15b8748ca87dda9891e2eca48;20
4e5a51fbe2be81003f12adcec85d28f36566fb80;11
3cf263b850023487587360ed3f15e5872f232c55;79
895479e39c743201e7582a047625364b5ccdc41a;29
905537cb58043324f5e614c60df88c5dcb66b9d8;48
d50e456ac0b52f4695880860002ed1051f574479;20
bcbe2c700d77e15fa02b04a04baca8863e5e7bb6;37
4bfdb55b4110eb33af1ce57d85998df30adede93;17
37b0ad51d9a3d592e279af4a64c7fb9c1f6a959d;20
bff824edd0334108ff768393bfddb5b49fa5be93;61
a9c68ef130ae3bdcd24b9cafe4e19acfc0b0409b;95
f19daabfa47a34031c95a039d0286c429b42f37c;71
139dde877d21f35b02e38ea0879fa22c570caad0;39
d5daf9f4c2fdc7334b7f3e0a807d6d12bb8eb2b4;79
1bab22f8d3d0d293feaf16d92e2a7061729a7812;84
751ba74036bdfc061df4be3331923e3fc98f97dd;70
4a3a4fe6f2d20104be1eec2c6ffdd4e14429e7a9;92
ca27cb7d7100b0b3d8dbe241da508c3c81476dad;72
f5a67316343282483b800babebb1da5684b37b79;69
97055f31cf6885e7429eb917fdc871f226c56b46;35
65b961ca1ee987d3e2e4346a4c0613663a545020;70
cf118665d4cbc596964a64ee34289ec95940ad52;81
1ab90cd2fdbe409f0fc28f6e7dc0c7e505b634d8;54
03c7c826b5bbc6753171aed9adef27220f02afa6;77
2592a295c49ca616038ac70801047d6fc2524434;71
94549e41385733c2f7cfc5a56da3023982bd427f;75
4f3d59ae8969114a79a451739d3f86eea4eacd0b;55
ec065c7bf2d51e6a6f15eb9115f7fa35debd52e2;89
4b9aa94b45334fa8062a9fd7c04baf65a9d8a74f;48
c439a40a2011d6db08f902f858ddfa35f5cffedc;26
214ae2e6a95b3d2561d278430606098ca1e956fe;24
a26d40e3d12780eaa3efcb35c128edffadc6f360;2
b2b213c73dfcdbb96fb59722dfacbbead7d5dd4e;77
e61a9dc9417174b19b158a929bcbd12e357010ef;46
8987ba7e1bbe3c2d536de3e3772c177fe80f60f7;40
d8d57055f78deea1dd95244b556e836fe15b064f;23
4e1be33d5aece6c0e1255003c6104214747d5222;74
64aa1336210b1281201ce5cc32b2b69b285fa27a;29
61239ea54783150d3b77194695a6a81a66586408;70
ffa4dad784661a21f34a8b48d8c136dec4b44bc9;70
2e530d458087cabf4eac0db76c38b7fc885e5b5f;69
deea32d58fec5a8d06a1722fc0bd85ceccfe8be9;16
4489d04d6a6b020f169e97e154b2b12c322c0602;36
d7e69e9ee499dc5f01b5ef78c6a42c9b0fcc0e2e;55
424afa6373735f3e7137b33d374b19ff4b20c71c;84
7451a03dbf011f95aaeebb531c98cf2443f03fb5;68
573bdef3f575dda434abb95cfb8364b68feab4f2;13
ea8380a45943a273dc07098e83983fa938242b91;78
50ba4a2de140cff07ff5c97f1691cbde20df4b46;19
af75906f69f1fbd848e22c7cc4b107313c2110be;62
b246987a122727ad9f9b991381800e1ecb567725;94
44ae3c0060a2abd40db2aef372894db9bcb817dd;19
82830906ebe3859f6025f606c9113d06a2d943c8;44
eae89ba65fcb490f6a46a81d52a8ca5d33595c33;86
7b3e2cbfb243189049305a3e1781bc8de9ce1aca;84
b1b5d7c36f8e80c434a45f1c19585cbacb75e6bd;82
6f2c2cff01a04d8d60d0f5f77ba71c3e8f1b1bd6;91
dcf4411cc8ec23ee26719b6ddaa9cad64707beb6;75
10edb45abea456a87b3fe0145850a303f04ab631;40
9f4a79e2f3aa7530161c592cc7ccaa4891987197;20
42b6e7f997130c71e27a3845d026b550b0594558;45
07d9fc223c0bd7f0a4293018984d4ff6fb80edb6;78
375c9f2e2d6f4d9e902f0f99926587213ae05283;55
aa75e55627cf115dbf875a9e6ef20727332f0ff6;67
0037a398958d46bd0770e7a14ae755b3a5621fcf;44
c4e77e810975cbf914c199f9ba031b621b505f90;67
f5cd000f9171f6f195f4f723bd64e87695b0dc72;81
ae4f119a53274cc774dda87670e2c62e89f67d98;77
56ed73d676ab31623aa381232406440ee36d4361;27
4337fcc086da99bc8bffa6b42dbd62b56d5bb5e8;49
19023cb3371e5afd492b7aa8a0eec0ba3afceb35;43
01f6b180b726ca7f5f599086e50b30936055953e;86
f3fd89c58a7c009fe7053f9f6e16039f839325de;86
4493e7e8df36e1d494c33a0fdd4be2f1bf180152;33
1c429129c904d2ba87582703daf9b8586026e3c1;9
7544b4484867ae87fb43207c838672cc11da8bd1;23
1cfeafddc8524221d704c413d075e1b19a6ab0ef;24
77081ce6743f8cd6a3d70e4c91c21ffe03a4dc2e;100
eef725dd9e92a6c18cff0fcce60a57f3c07ed81e;84
c1fb7ada4954fa757a048bc8e1b64ce9861854b1;69
47cc698e5edd84e99aa9e7bdbdbfcc075bfebd76;55
4db2cb4bbb609465dc7df7e5e76b6822e2b8e3af;98
59274cbbfeb54d5ca507688a430fd7d242b50846;80
9c96ba133132676d000cadb3334d3dc8a67b069d;16
0c29ebe216fbe5e3e81ea8b0802e7fc5a8858aa5;75
c48443f7a555f334c8345cd658c6597ce4acbebe;5
ee8cf316d077d7d982a75bd3ae99a27f10dea274;44
fa6b1b3e956f5ec80876ee463c015a3f0bb47125;68
9dd62e4107c93c51ed0a1774e4c4004b25400222;30
ce863d14d6c1ef76d0d837f7b763b8383823c627;19
ebd9125b2f9d8cdf7b159a01ecb458dfe2d65286;90
5a5769791d1f0f72a22b7967294cfb5fd0d2eae1;12
c7469930d76b2607ceecb1ba35f0c4d07d67d766;39
5a6416d3e14905759f8bc36e47295ee82e7c3e62;41
b7e6f208a12095eb8e50d11ef5e0c1765cd6a348;43
3058446253656dfc061684e6d1d424c05d1bfb04;50
407cfd4439bbddb3c31bc5622708fe847ca737ae;23
935428021bd638d88062af1c24ca0c38878481c0;44
7a98b9f0f629bea3c3e487ab49395a731ce994a0;27
8d96c30235bbe9de8e32425c0c0a36af1482ae85;76
7bf0d8a160504eac6a8281a1ded4c3998a87a525;79
2a3783895c1459b67a0c44a9ed8287828f3c96e5;90
c47e401250972e42a540a5fa1f30dabb09d2dec2;96
b3998c07401791953ca650448a566951a6aca1bb;45
224b28b8f1437f641803587e6a9a22e9a93b37ea;21
5f6bc1a82ccfa8ace4f2b20e1a60dea517963f51;72
4ddbf1d73119d1ff5de070d0fb8344c3a861374b;17
a0aed847ef2e06893ab32972babdabc4581beaba;75
95b9d18c93e708594ac707c58dc08c2887fe4972;58
18bd15f4b5739f49babb42c3ad97e68c3858af47;99
e284bb3fc90097eb644fb51ce4df5192561d8249;60
5a8d74328c06aef2d1783b52d578df9a023b80de;64
7ee3707092fe330d9b2e2d9d8d4379d2b075d49b;33
00045b29c35c8ad3e0b035332fa0d1a0ea5896d4;10
ff4e391da938d6a7010cb01ce96a629da840b578;48
dfac5794d436b8bcd6fc99234789ef9f4e6b774b;10
de404bf36f782b361d914590a9339b9a971a23ec;70
52b5f07e800454de27c2e754384d24640f15e40e;65
8bf861d3baa089520431d20a6e231854c0355ed1;85
7ac3fa303515e48ffda4ef773556b20da521fd8d;3
7ca208cafb4ebc02d0e644d00f2c903f74f02afd;36
0726b430ea0d2aeae9ddf805a95398fe54821e9c;92
cd9af5d432fc66136c7c8ee44eb4835a8a33300d;5
776a858a9c931e59a85098b41d3e2e0a3396c4ca;26
4e5238fbef911e82b21887f1d6f8495460862505;97
f91f2b2d4ac651d555219c246cd7ec4916d26376;76
fc02036cf0931a51290362bebbe0a26742be368d;77
4a5e194b3a1bd5d1f15e1daffc4f2c99224de5f0;41
f05b7b4e3076e60ba01113a27ece5c8756c1d15f;53
517caba3578f2a79bb3920332fa36b987a2ec460;9
57dd2da8b1dd743067879a9b9ca2699868fb003f;35
3a8338e7b9cb1555af4b111806410c7cc8d71b17;73
a4181df3e97d6dd0e9cc5cc5619d2bd03c2e349c;55
7f943353dee4f1db60d58a2a056706f7a222e175;25
e37533d08372e7ac20f9627e70ec778f99d61b96;62
3df25b7e16f863a7e1df9a62780aceaa93ea8de6;71
cd006321c67fb16b298f51f7e03ca7e618a8bf80;94
3ee7cc3f2a7bb7329abd21ae8dffcea4f1345efd;67
b0850915dd2b64b80f046de1f684eba2a33e4494;19
089b36df5e4ab0b5e84a3f492e511ed4a3c7b548;49
0b171865fbb9c11d96a3043aa056a7cc869bf612;87
543eb16978fe655f2ffa8b6284aead7c9d54bd22;98
2782c889929ca90771919b6fc0a38299cbc5cf87;16
d8475a07cc74d672f028c6b87469dca9dd934089;22
d651bfa9bb2e385f8e62e3e922d08e0d0716e85c;43
35b14cec900c4aca6007e2ce53a6ba0390cfaf3a;34
df368190afd51b3f86e9546e3d620be5a5fb9914;70
5b3003e0a9d4d0dcf0a238b7691f51dfa8e80aa6;67
7afbfd2c3f281edfc80decc27cdc0a6b8d86f29e;72
039580e5ad1a82e88988d6601759d748feebfdcb;98
e88e2b865f3612c58a6e3a841b16460f8fdb5682;58
516e27f5a8c76061bf8f00b2ada6de10fa21ab5e;54
c4266a20211113c375bb23f86dc321855c1799d5;22
8ea09804bd4c72bfefd46358834d42531c2d057d;44
b25bfd8bc1e14faaa0fd7b980ffd47a0b3b4d63c;36
3a48b93ee735d3e57d7b1b9985bf20d1d6bc83f1;20
095e68a051151e83b94147cfa32cb4ae5cfd6dce;20
9f39133cf1bf9197b622b06829cedbd4e82c4ef3;1
d2670378f3c5b1a8dd11fdee83aefca0d10456a1;96
ffdf937841c0751673e2a93203bcb5682f6c8486;77
5808ca261eb70c394b482901e44b81e46c604a7b;71
cbd4cc11ef57d50ded464b5c882063403aebe755;42
421d0394f222079f72b5d7f70091af33f5f3c413;43
182109238d091a46ca23da14b162cc5bcf8c03e5;87
6230b56577faaeb7349d04aed946d467ae6a57d3;71
a5ceb9dd7e2e3fbb5ecdfce048b40735d92f630f;85
ca2a4c49a03fda368eaeb296450c4061ed0198e5;69
3082c575b0522a86e7817f46e259e080c3577a42;51
e030103a8012156c066c89105b5042d5281e0af2;34
ff28c6825a994102aeab53aa4555bef475eaae85;11
4cc3daa84a4dcd82e4336abb03ac8981b36c8542;23
eff4ab1d0f7048c376e299cf0eea7547b9d95f7f;85
d48cd422e98b49e606a1566679a10ac1c5b38202;55
7c25429c56be30bd7db6eb4c8426ceba461b90c2;94
176cd36fe76bb1227cd3dfcd7c1dd9bbcd123999;93
7acd99b951482619242be1b91ce903bbfb38bbb9;29
284d35f8039ac3df5a184567cdea6c97d93598f5;94
196a45cc529aec5194db2112c04e381cab96fa70;28
1388dceda860964eb29b48b008ad9f426fcfe3fb;10
7fe182728c2a0a50fe22521973754afac5fb88e0;59
ab232d55334ccf5c47ad6b826b129d09a1b35cfd;46
641f9dc15bf34a4b0424dacb5b502e72bce82efd;91
7e147fd1bd95c0139a82de8be877a3878ab67d23;76
88e5c154800fe08900777f96f78450fc8df64975;12
80fcaaed19ce53268ca2ab8c17c1fd57a5184a8b;56
6ef9269d4b2be417ff17fb7444b7bd24ee94f3af;68
75d38d3ffab966f0f58fa5f0e9b89ae4d47d64a4;84
b7c84f5ab593bbf8d0c35057dc85d93e13542811;33
c4192f291734add87bb209d7c1293616d66adb6e;2
d6849cee562c03cc0c897dcda26508c0a39a8ff7;76
1d5411b8bc7b9872d77f3a60c5678d75f0525c9a;50
c40de9dee599f7167360245ed75a89728e9877b3;57
35fc61d7a717dcfa163bcd0a199680f15be3ce0f;95
45a1a98e17e48e75292dd579e48e68888ba2f9a0;98
57ffb352a18b017b073dff06fb3e880287d1d605;17
67406c8b9e4e159ea73b5c57c0d4b28c48a08862;93
a40ca50287dc4b2b2d3a4c06e25af17793511961;52
da9cdf2ac63caf9e67fee23173e3f65e20dd2e76;56
a51bfb0adbb427a530006d7cdf0b406f93884591;27
f2d617be352e2ecb019d0ec83d26f4de9c65328b;70
838b72f821a39c57341e7c2c59fbc48a4f33483e;86
5e01e57fc8450c79341a9d11b708ee26145c2903;26
dd26b18bd71c8b4fa87e318e987e9eef33e86864;12
055fd94d2b9705bc73f589e70087b19c65672f71;90
08615444cf8e721bbaf5bcd2128e086fcccb7c71;73
ebceeba5c48cc8fa440955f2feb13aed53bad9ce;88
c0e2d17994aae0da13964f4b232c8c6e84e8eb9d;65
605dbbf46145015afe41dbcb977bdb69ec13e0dd;10
2e4bef95713d6a8bf381492371608b588b833ea5;47
86331017a543bc0bd95a2e1e56c8ecbb4003d87e;60
56b97c2973450ecf96e2e1843b344717fe04fed2;36
e294c1c6d92fe9649ad9c16c170fe9933d54e570;77
5edc8cb6ea2b270c4d5c6e1576c8ebb3b5d4d2d6;62
64a24f91a1f22d5a45d052d555356d6edc07ecbd;31
4e473844d4c844ad0b58771990e6730124e69af6;84
e1c693867ace381e1b72722c09e8ce5e5a87d2fa;66
608361c34a5012919868a5e103b4a222e15e95da;98
03644be34bc342813e26ab9b5cd0ca9ed6905af7;1
6035123b5686acbf4272d26d3ef9ec10070b6b68;65
e427ba4c9089a8105f9ad92e2d363f28d8e194d1;15
7337137061e52408b3582704e128f0a6ea469c0a;69
7d718805c58dcbcc8597ffd430142060f637a3b8;52
9fa99d3d4911d4651bf3cf09ecf116d4d2f22d00;97
5c70cbe25d579092d3bd3205fe607f03d4dde9b2;56
9f5437f6e805e82efe84f4082a072bfb8d04f3d7;73
08353ee00fbf8d4f6dff4fee1935d37bb7cf8566;81
89051cff6868607f88df57145a36eeeef57dfbc9;83
99cbd79a9685b59e967dd88133790cebd4985aa6;95
706976efcbc3762e83089ce53742daa67f076c25;10
13375f8e4da6f6e6a71ae30f4e8440cb2a758250;21
b727b0ffbac51f7deb8a055df3df782f9055edfc;81
c4a20f1bb70a53abe85eaade44941343973316f2;60
b2f892c805cbc2ce063ff58bb8e75cfd9048b8bb;83
830b29d44c8cf809c5e13d1d71680a2cb6794488;1
7026952ebf2ad5923f048a628edbf3f091e9c24b;79
00b99b0574a95d3d045649f34ccc734f7bd51dd5;33
ec10616196b24e21e11e4cc326ab84d89b27182a;26
212b0589da712a3e74e54cf921f1bd0b208d91d3;84
f6660425d2d98e7fced06a9760de41ca47e696e5;38
f3fff500de9bf37ee5332ce8bf31eeb061c0d9d6;8
8e1abe1b4ec7deace4314c5e95c78ab4c4a9d48d;92
f27584b863b25685d30927111f12fe9538e583fa;25
72a09e9253622603ac4d576adc210ad38053dcf7;56
45066a4441ec8fe9237985660291e9a242374c5a;10
ddc5c19b96cd348cbb65876a664b8d0940a4bbfa;81
10b9f51b32908b382915fcb6f92055f946fea2fe;62
1a5362ead5d0336d74e6999ca2388c8ecfe472b6;23
1ec446457cd8cbd99cb2599f563936bff06ccdc5;35
2b166e8a3fcbc8501efc19999a4f5bd2acd2339b;22
52e7df3493ff074b6e55aa39422661aeeb776faf;98
a4a68bb8414b0a11139b7fc412bde082ad5229d4;56
6be69219b77812ffdb141945b61de2623936e946;25
4488d91cbdc1626d9c4655ee5678e1230c458a50;73
1ff763b6799ec0b56a6541c3ebbd6382a300e71d;13
f30d38798156ba030c1bbb82ed701f578a3c275d;31
dcc93a8b6dc744214a64f3fb85ee9aa7034da237;2
5f7063009c9af36afcbdc94156693320f3ffa80c;14
e39fbf38de16025967188534469fb28bf278de7e;49
b9c54771234958b1ed63b275b791d71b724590ad;21
150167815c107b9adde7881a1e17e77cd2e2d358;78
847b1121854cfacdb5714e1cfbdd5957a29b4f70;95
9b02bc37cd025cd6aae60da3d6993a7a427ffbfe;90
c193e365864173c2e1c1e2ff34f872322a16aa67;80
916e1fddeeef69603c4338d555d3f72e4d889485;58
cf930e5f365e1319d2c1b4d471f03dbac20ab83e;94
f964007aa855c05607b2981a87b76a31688b5b45;82
907844c267c40f3c8dd2eaa531bc452f2bbf7450;76
96ad3c32b2db9343bdea399964e93116c026da6d;89
e0e13753c7bf2f6fe8e92944380d01cc04b58785;84
f82552beb21a4e5dcd94c45e4610b7cd4815202c;46
003e073ca93dba3e4f26234db7b0f1aa4f1da3ee;98
f5d2455d416fdb3396d9a74c294bd1c7c478bbb1;17
32f10c32d0c76ee822fecf9471aeb6172c8ba111;11
52f651fdaffe85610b3ff183e0d4f9e24d8d922c;56
34f113b2ec92cb136bfc6ef730710dcba982cc1b;69
12d59f20a6651204e614cabf80520e61a2c59976;78
2368dbc8cb7d593a1920e194694afa95e279fa4f;30
fc166ba72878609e3b3b9b4dbe8c46b780bcf897;91
eca3216181157ed7300fcfbfb356098522d14c81;73
a5cff16a5a1d7f855dc1fba94217ce1e707e9f65;70
c7c361306f5d92fd456763a6a718944cf3a3cb17;26
94a7306abc0273343164a6b2a960cafac50879ad;6
32b59e1baa90aa6a7f52d4d6f802df5f59d5ae76;93
27bc4a084e2f258a7213711075897bfb177419b7;29
9214889b69505ffaa9f3f574059b1045bcd0fe28;32
4a546ae426f2fe7b9385dbaabe026a29009d2516;29
b3175b5c2ef530b2d3afdf0253693864e123e9f8;93
477088a45a8d64f6dcae290bb60d25877b6b9a1a;2
6a7515b77dc97b71727a13d2f62f5f70cbb31a37;87
819c5de11de2bb4d66947eae4e7f323a42581c29;72
dc97817c563dcfcaf2e5885eef5abcde5d6e2bb2;10
e4f06aa87602dac41eb92db66661be56feaff59a;32
bdcb7a4b874c2e4077f4195df1c2cd7df94bdcb6;10
0e4c6d6f592c8eea981798555b5734be097a83bc;17
a9e1cf39750cded4e24e1eafdebd6dbbf71047ec;50
11e4a89da0cf83bf7570dabbfc547eecd6e05c64;87
82a43b5f5d907d6c380d35bad3f75f3b0efca1b3;77
af5f653b3cde70f7ba042d3901c02f976c04c6b9;85
536c95e90d4bd2611e5c5162bb1c7cfdcf130c51;13
6c6d786dff4283e7872054e3779dfdd7af9b3bd1;34
1a2ed8925f25db01f42873ed97296a2f1439c467;18
8b42caf3c8e215bcdcd8ce39551af5e81105e79b;71
68b7cb5aa9c2f63bb7d28681360d7e320df8523f;1
72d7971883f588df0068cac82c5267871012324b;14
062372c1e8fdc963c2ed498019bafaaf1e0e314e;91
fa604f25de9d3b0d0b64797eabce8325f625630c;59
54672b0d31ee5e84289e3c3b6d8c85c2e081f9e4;74
4e7e1c775aeed5a477c70259d597cab5f7fb3020;11
40dcb8c209f82ae35f74e6e8041ce885749c7e8a;92
8910f43f5832b1c422f41cb4ad69f533614f9aaf;78
0857ca95190948e4e60c6e73688725b33c42e994;13
6e8585d916696bc790d6ec3fd5691e9c4610d613;96
06e9f5b0b13647267623720cd2452c68cae91d78;93
261a85ff0e492c3a9d56b4e0580ca9301add8340;2
98558c05b41a4a6edcd62c6445e53aad70fa47c2;48
41dc1fa91a565b9fa5823f1a4e62f2ef607b2147;9
dd985af12454e8f8ae02c18ef0206a3d9c8a7bbf;62
c3c0360801555e0c75311d8bc5db212a39517e87;23
73fc4a8fd4028cf7afec12713b224227e41c0616;23
2f549023e6136ba924f0349da32c5630cebe544c;57
87126c876adccfb39cfa34c4e8de5c260ba2d336;48
38fb913be454bcbb3ab8148dbe6e168569d2fb39;63
6054e57482a3c807521c106df3ede77d8c96843f;83
fb5b938ec347611845465e0c31444a6e86c92eb2;4
38b738b1fcdb04ac046cccb34410d2098b7c6fe8;53
7021898d0da9312668dbccbe06403826c3645f5a;53
171f374aa90a13f1b6428e5e0dd5754a415e2ad4;52
ca404c83eadba46df15f1ca353151bd6efcc6447;91
860147b3c2195ff85ba30e9bc24c9a08cc37d969;5
9a80f53278de41334da0b0f0106501cc5375a072;62
9e4983a3c6aa9f5a22a14b5c432cd2b6dca42a1b;37
4033ab9f13bb136a279f4cced47a58ee11b219b9;70
f47b560bfdfaf9f3547138e577e9b051c7732042;75
eb2b9e1695a6b98091aff3973c8f8773e3f6e55f;51
eaf0883447f7f3acda220561460d5f4a45373a49;80
ca472a2149b99caba7648645891cf01d05c962ce;5
6e1c30a99cffa2961327feb1f3be056b9c9a6d26;35
3c39e860abb7986e5a1f51e8814f4a3fbdb23749;87
1ea4b408a0d85c45f08a09cb3e7b1e5958b65d3d;85
e7115ca4700d041dd77fe1528f981e84bb21a45f;16
15fb1f547565d5c53a0383bbd228b6bb5b41aa66;43
b7dab705a9f2945f534548e064c7b0e79cf3b0ed;40
e25dd25fc4f6b5c7c4714fa07535957b0b7eebdd;69
ec7ec34851a1423bf202ec644f6ba61d335dc07b;33
77b629ab214b9a48682903959febfd70abb00a16;91
283b1f1fd0fc5cac94b046db0dcc9330251588ef;92
ccdf022538d86736cba646035215db503cf6a737;19
5f16dc5ab0ff50520a803039b25e1733e0a4cf7c;91
acfd608f63963ab4e13b3483cbd8c0209ebfca2e;24
f1b38b1a4bd58bb0c56ffdaa5fe49c89d3405dff;44
aa6abf04ec6daef88874f7e09755de6e3b5acd56;82
31d2d1950db52571e67f65d39dbd44838491946e;88
46c98149ddf9ad299309d896af4750c2361421fb;4
10487b33dc7dbc7fbc6527d09dccc1bd89fe938b;14
09cf306cb908de396d2f6bf93b0ed369927901f2;7
de75773fd2c36d997cba2e219ac23ffa1afe583e;76
f406fd61fb40faa18b4012041ec3d0a20b06c723;100
3ea7a0710e33684a52dcad4bc45e32031af3ba75;24
67c4fda9a7debc69a213bf4b63bdf7d34cbb30ae;93
1a8b226c3c7c512fecf4be7cf81199204366ab5c;78
e2a5c5a7e788bdc46b08024c7f9b3804169c2bfd;57
e8422d12ffdc5f284d6ab9f992e3eb98a1240520;44
cf442770f8ed2bb73d22b139dc5f1dd41873afa6;75
2effb07390afb630adf993b58a01df32efe827c0;99
e1398466caa854890ebc9908916c10f2317a78af;18
9e07f465fd486310233d03064dee33c4fd15bde7;93
93ff656bccca3224bde27d28c3079dd1137367b9;42
27c9b97b0c9cc98ec11c71939145a2745a85cb31;38
7a1dacd23c04c635cf689e6a425aef6fcecbb6b1;4
b3880cc93ae2542f26952cd803f49f12bca25cc6;78
5030601672a1ee38b2a3d89366b27439a8942696;99
fd09fc82700b8d612f6b39f5daeb4d4b68710b4a;69
e961f9374633c8eb39671a908cbf308b79eba619;60
720c224ff213ce3f42bda852a9a18116b633de97;40
de12a304103ba0df2ddb3016168574c09f537886;1
a8cd72ca49b4192789106f615379a6ecc630839b;54
b6d114f918c1f947a93681e37a0dc24b197f2ea5;46
fa2ae34d2a57ed47734e29836f23776eeec48b30;72
6bf29682da548ae338c7aaa6ed4237e28ff20154;77
fb7139fb3f912017682a0010abee2bf98a6aa1c6;2
7e562106d183d9a1fe49445c4ef60155d7eed369;43
b99dabed930685264660cdcf50e5dbce0a3b361d;86
ac78b1f6f10adf85faff926fe8a588b98c01f9cd;84
6f5c2c081f61c73920cfe609b8a86a64712b9f81;61
0d7e057fa04acf3a00860a3a1d71dddd128e1b4e;20
f556824a51f21aed4c0121250f90bae784fea54b;84
1035e4d977134c9a0371bd4ff5e4d6ef8af712e3;13
5f2c1c301e56dda8bd95d2888d031ab07172f01b;52
source;85
e57fc026f6d9e0a2b0ac37da41dcf3b630c6268e;44
d3c2458ccb865760ad6043481d6c64e6eae897b9;13
5c9de486c3fe921846df0e14ebcd708877a88d22;85
5c5d4f94b9a721c29a769031846b267868dd432f;36
559d337d18a59e8fada9113dfaa59c5eb959b132;13
96326c1bc44665ce79df14301c42db2c9f9047a0;82
9b2bcd4c08be7756c48bb8d7237ca00a3ecaa63c;31
ae741c1dbc0e0bc34a71e3548fa4abf57756620c;26
8783d0df27a84fb8907c97a1d1d9deed98391ac2;4
7b6b97573ffd95c18a3bd567a5f4e4a5ff5429cd;27
c8942899287b9c777fdfc9fb96c7c9041fa5f505;17
6c3da7c7b6f24cdee9573cbbc2613b0e347152e4;84
8ddd213dd969d7a71838207abae5c1d1ffbfa62c;58
3946cf7601e47dff058d1fa888a915c4d849e4c8;13
610bec346a27803f1f200ed9dadb084374db1994;79
c23a13acdf2dd24ec301c71bdaf4af5ff8d5e17c;26
027e1fd39649eadcc1d647bc7655af8217551932;3
aeb0e51a843474ebccb3d89ea34bb906e3e98e13;29
d18788593466622bf8de9cd527fbda1982f6c7bb;99
5bc1833fa24b4f8180d929449c25037dde7b9986;89
7f841f14dd9371319a79d8646bd560da1c57fde8;31
2f815a4b3cfdcff1b7de1ba129f2942cb40a156e;7
bd83be68e08298b41c349a237b326cddd74c9fef;85
14ceb9b3ffdd03bc355fff8e8d50050eb92b0c5f;41
cdc38013974c87c1545ed54d180680088b2bfde9;54
2695a9fcff0dc711a4e6379e1c067f0c58ee510c;45
05fb4dce26b4eca652770a1878805775373b1039;50
5d8bf505c425c21a20fda1da74a4cf86c8b86196;69
1ce7f9a9769253e8cd5e84352cbda8b984873cb3;28
960935401196ef3684658b629f437c7f98944a7c;12
2afe025dd64d4135907a0cbafcf5fbf01799f4cc;40
bd3fc730fa144e40b9689f709c6167424858531d;50
d25215ebb859419bd30e3d0a8c3a7c5dd3ec5057;79
aba9f416052d4d12b0bf7bc61e6e9a9cb90e966f;2
41914c79d8efa930277f452e3ab7ffcfee924816;56
5fbcd1eec6c41b40e6ab00378146a93212fc1b7e;72
4c4faf903e93d08b6ce29f2c01483fa229dc3c57;53
f939705fc36ba0c6cd7983867038a27c2e12868e;43
e57515703bbc4709be037e914505170fe17ab758;35
949198af10a908dbe9b25ef4e116cbbe2e854df5;50
6e68eb7886a6a87555f7f94a9803c8d4ce11552e;9
a4a6944a4cd18a46fa5272d7f708a7cb48f47a3f;24
12c2f5a7c6f60b0ea234dfdbfbdbf14929a7338e;3
2e82801e0918c75bc4975c2288305297ba61872f;16
d32a46129ae2d18e25cb7ee6ac813465ada840d9;15
b42cfc208d3ef5300df59dc736ad9cec5ee1fc41;35
3bc606168904352fe7cb4dc3f5b0bece479e1863;6
113c1a763aa75578c319dce416bd4f87e0e3f917;74
fe3b49c935b8759aa6a9b09a2ff185c2f93ed06a;48
51aafb91cfc311c75c4024c59987708df242701d;80
876d13ab0b214ed2108d26a1030b61c3e78475a1;26
958cb5159e428f8c63c2f317a88eba3b6424bd27;58
23cbfd39b1cb2bac34469869d6544d5b02de6ae9;98
f060e91a155539b222d5540d860574068544317e;9
a10aaae81be6c4ef46e9c0b8e0677166699d4223;69
e2ee94b41b545493cd4eb994b54d4b4b3ec195fe;52
9f0c2daf0d82d972b9eb2272610e6dcd0e60a4b4;23
32a8586076b09084434a3ba5a6ba095f4707f72e;45
11ac14a8c06be8599d023ea72300ae2b881f9d44;90
818b0b948600a3be871b01c6685f59912bfbf937;54
213cefac3d4b6bae8d6a65e8297a12a0bb6f59b1;88
83948fb8281daf14cff482c5cd19156503de4074;79
1a242722e46cb3fcba1a3113a5423df000716c4c;38
3988812f44fb2d8319e69385a7160e8f31442598;28
ac5dfc48feba0fff1d8938fdd35b90a7db1054d8;70
f9f0d0b31bae3932bea9a906b8d8f3e1d2106d2f;43
83224997f5455b6109db9a7ff7e466095b5fb0d5;99
411caea740e3b34cbef019c4a8cf394c20a2246b;37
03f31ccb8fdf2d17b19819011da400daf6d78f12;40
968a69931d0aec1ecb48a863c41836d53d36118e;3
232aeb83dd131dcde9f9db94d48b04906ac9d9e8;80
be55f94fa2490e0812eba448b79cc69bbb8f2c50;99
2fd2618823aba63f0c11984a71a4498bbb8d061b;94
78d871189ac1de57badce31873b2d37363934832;14
c63bc9b87f0fdae887f61846171f6968034219c7;41
fe40205de210684305b6e5b597bc09a4103c1d0e;42
0251457dba962d948613b9431eceb883ce0a3e44;97
846d3b5e848246e7487f6a645cf0d881a86e5ad0;38
b11b3bc4b5034049d4515bdbb7eba00823efa60c;80
b944189f8a56526dd77e61c3413336c1cd3c7db5;6
dc793e55f7de38b8e0c27b496b3cdeb6fb759357;38
f47ec0572f86714118fdceedda8af67223d42e8c;76
b4c9e77389db5ab3d3a33984b5c3c8dc192e737f;99
84e4eb2834212beb05f81de5ed293a677bdf2ee6;80
03e9cfab4cf55ca10970fdb4d6dc47204466421e;27
653b4db4c1c9cc5627afd7b414ab1ff77fc77e10;33
c81efea03142c6e127cd3a4ee06a16c81618e965;90
38afc5a34c774ed96a35afd7b3b10249103fca6e;39
7e91c7d18f28d12be8798d752850eb69817dafe9;30
448906bb6f3cb8099f8befbb7d4e5a50f2c1660a;71
42b0926b22a5420eccec8973a5b43e551b3be79f;73
7ec22cbd895e22ae9d2cc077fdc49dc2fb38d7f8;17
06deb3c5354e8f5605499c5d6f368fd6049d7db4;32
5acf583ed31e59335b1210390098b338d789d8ef;100
732c04579cc6825ea703d359a81179eb83ce4101;25
238b0cc379cad594017fda858717af01e106bc64;52
ebae3f2507c3bc27547e932a6ee9b7d7f2be0254;19
a38a6038e4dd409fc1dcc47152e13c6f6570960a;94
1ddf07260d3af5c8f29529772fc0ff8dcfc08f4e;21
3487fd74cc151c9fc5941dd33bd729290d8a1e73;64
a2c4fc1df037942552beb59d5640af8b99a16160;50
2b4fa316bcc981871e4db6a4a7cb0ec95fda65ce;11
1bb57a37fc6add7b7447a1feaa98dfa91dff1ec6;14
c7e9a4df5d8e3cb3bfb8253b05f4e92fbd05ea7e;46
28a4cef5ce3e43ed6486abac675f51f5423b7c58;23
dc425553ea45debcd2b3de40a23234169bd1af4d;19
614187e2e34e119a7f282a712ea1ce84e121a6fc;1
b60bdffa40a00d23dedeb8d8ea759ab8a1a334ed;37
a79fb6595606bc4604abc4f91c44798ffbab925c;59
11b1e62a46bdda785b5d004c9e6db435b84349d4;91
c169b82e1dd772209e4dc589b97a8f110cd378d7;85
88e8333db99b82f91eba4b8e8efec7238734bfa3;26
90e61169a1437d24b06143443813d6c39191c595;44
20a269a1ad5b160a72dae78e6239aedf245db75b;28
f45eafa1e2771f0bdf355e03dcdff3a83c472092;78
f903ce61d200b41e56845d9f7f534c93f57b28ac;19
cdf7509ce64c67fd157ba4c5ae4c18d102977799;29
a24395c2d1670dfbeabec5bdcbade23309d32676;32
fb4af0de4014e9b23531e401bbbca0b650957a99;22
53b94f2d5719333a4a6bf6dc6e89260174599edd;27
303128bef203f00273d9b7b6fa26dae4b9d31c41;75
bebcbdde692593a2e818205be28c6988b4b725b3;43
47642108c297cfcc5ca074ccfb445a462df104fc;66
cce8c412b4a924f1e7b87c92da7d2133b3e30005;72
68d3be6bdb8758de04e46a6e9271ea86e4c8ba31;71
956ae62d40e39ec9b3ff021e6824505719b48eaa;86
5f4df44d7759b35197855ad509eb035f1e5ffb13;21
2092d5685f38e920c2adc0015827224460248479;7
ad37953f681faf106cddf36a7116e3497a0ed2d0;12
333e9a26c47812112fe18859646df76015726496;43
b53de80dbc7fde431e35610b599f79842665da98;16
178067681c1cd3376b93fc6d048125f26ceadfd0;49
41295faace81d025c2f2af6c47a9cd14a5b99f2b;68
0b5ad9fb0e1cc83586b5ef109c9ed6ffa21b6a07;65
5c308dd32bcb976482a1f598815224b79c754234;43
bedd86df0ef98452b6fb76901f5a86e92ba827c4;33
a3a28d9893790e94e58f31d413853b8333971728;11
04a61b26bf1feb8ac9f9b0744323eaa6b4afae87;9
e40830441fb4ade23ab6963b425205e16a1605cd;4
7990d57df6df3bed7e831ad432b58c49bedb993c;48
3335a2a650d08c4a38b47dc7f813081c24dd21c2;64
bb657b067af17516aabca7aae38c6962ecef7043;2
f4e0b8e2f381697d52e036c96c0b16a1e0f262ed;76
a77185b97de82cc6a659bfd1da16b2b0148769ab;27
c0b76988f3080c9e0187dbe97c0e14efb8e5ea1b;20
ae006ca803085683b25b38cbddab42ad5f898415;4
3eddcc346d20df7baff935767f63f43a1bb8dbed;44
ea8f87a33a2ca53d398d1c60fd7bddd3f6afabe8;47
bcce57c6d24720f01d1bbcd57b3592da615607dd;70
f572365788031a5346cf7456d84b214a9f423e33;58
93cb66c191db067c31601b05d1f4a0b22a25a9fa;9
cbeffe901c14328ecbb20ecf41c2f62df18f6177;58
27b49ff8bc041a1d5e1790a605b760a2861a22fe;50
5e9ad14842bb7c9e16098713ec7e7b4b1395fcc2;36
a931bb3b32223c2a7c808e1804e74c327c1a7bce;95
aad260c11b4a1d5ff07c1f6c24db74652227ffd5;93
fb7b3fb754c7b6a7ba0f2a66ebd408eb1630edc4;40
aa9ba0966988b385ab4da501355af5bc87928f7a;31
c8abffba22a96739b17d0effdf2f654e89de1504;32
3557d788496b4ad36f1900029e6313e8c71ef8d3;64
fd9894a126be7a57520f9220b98d834517053fae;75
2b56c6c319f3b9dda766f7835cdb16b0e38259cd;32
09fb4ca862bd8d1cf7fad381f82080fcdd9a66c5;43
e343af220447c2deff6b98ca33f2e5952853cc0d;28
db8c0c6c0d6030fce6735e6dcbd39c7ed2acc42a;3
1d2cf9f6a8ca7a06abf1ded8f63b2b6581ffe338;4
11571dc3f0fb90f9ba9d13ec20c8db4a62f4ff98;67
86c33329ee07ac8692c0df8efe488183bdae53f1;9
7b10bec0e79c0a137ec8683d19ce7e716c47186b;14
900c6f0d731ffaf840b9941b030cd02f5dddf8b9;1
18a3d91f83a1e1005911bd7fc2718098e00d80d2;66
577cbc7e8403cc370eb5ee7af168d2b2e107013e;3
02fe97c62350d72c2c8c334cab311d46863a7a50;3
6b769592710e29d323fc9a8954bee700470a422b;72
7c6d7348846648e493e0d7bcb6c0c5b9079a49ee;60
eb602d215306cc0679924af629f6f83645c3e505;46
d7f07e9ad9bff8fbb6d4c27cd9a310e0c34e81f1;10
c7086bc564b6b185ee4995ce9e932cfffda0b011;26
25c81147b59c39b1904a591dea38233942d0c105;18
0454d17bcc01b71422252e6cc46f6b3f9f4b6d37;36
90dcb7386e9a3f5fd0c5964ddf6bc771be028430;2
b9256c5a902f55a04e461706a3da4f4f91087db7;11
51ac9f2ef97e4241d7cc0391e0b49928b9c610e0;99
a12f77438d08c2d399918d3cb358875975893435;9
59738f9f4c539c8baaa32f8acb3527a32ee2e13a;62
a09825c7e3c44350a0901a7b21a2845565dcf9a7;30
43dbfe4f95194edcfb6dd0b77193473f31f8eb42;20
038757a1e3d309ec342661090a93c308a06c6a2d;76
d12f60be869b587e0e59653dd5195dbc8616afa9;91
e8b855cab5499dbe03e9efd57f186dbb8f6a69d5;3
bace1fe5e7f6614a3d83e14d82aeb119a9392b6b;60
e9affefb14e8705d6f6bc070b5000592225c0adf;76
9fa186b458e68cc89114c82b5eecb95e014cbb29;13
5131b699a2ae0d3721ef060f3cb7de36d2ffbe2d;63
5d1eaa0d7d6c24af5a98a70775923e39d8bb86a0;43
edcc85c0d523268b9422ce9d30ad4154ecf1ee0a;47
861f5e0b38c95cb05a14f001441f8573285ebf5e;14
4e37bb5cbc225df15d4b9c2dc8b92c044fae6b0e;27
4b72a64cb2e6bf605bee5a149f41f3a791a68563;17
c947c52ff50b3aa000579b771475887d0a3b449d;6
4f586d6bb1e1cb53784350336ba6b724f40f44e6;86
bd5359efbfd8fae37b8b30f21877334b73e5d4a0;86
76df4d092192ef8d477f469af6a5a73781cc6ac1;4
d12d18625fc93b5850562ab574d98826ba510e0e;9
4793a9f625c80e82792e3285a70ea8b5707944af;23
235ca0c22623cfbbaf3bbb0ae798d860d7774e79;45
beb37cb32166c7a40f5adc0c669073ad79cbc670;49
4aa3fa9807f6e8cebb8c92f93071c65d5ce28092;97
84403f2dfa57495a6fbae1a4b8459519062137c3;6
501a6c0c65e8bd29d2f465ddea5fd0437ee4c496;7
90a6e40f6362749fd69a5d6c57c369e0e1c22299;75
8f4d9f56b69e3e2717f6a46e7f3b506e283ca004;40
d4f46af27f83b6b6d5a928beec4985ef1e4b61f4;23
9d32154bec2b80cd72b917c6da2fde5f4307a861;46
8956e8418c0a51790e8bf3ffa2dc4a7d772bde9c;78
997e63fbe8fed061a734cd529ba6421db611a3b5;93
7853d651d9d2995ef0a02b16c3ea22ffdcfe052b;90
0d8520636252e086b29ad43a0b585d90ef2a5093;73
1354bd80fae58e0c6c8e0a5e6eb4b5d6255ae3bc;79
f3551a15990a4035854562d61038e7ddda3c35e3;16
e27e5fdf961e51781ea1750cf57db20a068ab154;4
936664a7e5858a2df6e3286dcf85a12b5d24437b;15
d40d7581febd0818b6bf939cddc1b4f81731d384;43
125dd90305bfea891a2e0b031ce277e4b71d12fb;36
2c441dcf0360a17f15f7d3ff60ad691ce778af4d;6
cacc129fccbb42516eb27ea89c333df3342aaf7e;77
6bd5c24148ac9ff7a62ea2a49451ecdcca0fc07e;54
5a640c1dd3ba000feeebaa2c7b631d134a02596a;27
7d5fd1aaf996c15659780c6513c22c5aff0db273;7
84a43bde33a479001af6e1529a295518d8b54721;30
3c1ed909a1e0f0296da61d1c2d98d1500b8efe3c;72
cb834540ce8e773aed6a66c0bf17696a54c9fff1;15
e29a4e0e9e856aaaf0456d5c5b576acba6d39be1;94
4f667b9663c5b227ff6f32e7ce68020b1451deda;43
1c797585b81d8ef547aa6efb0efa2e0561b04e6d;93
2a6a3cb4f28f9fca32ec4ef57646706d50b93f6d;41
59c32fa88733bf788b54f3f735a0ed7be6df23d5;2
8ed3a271d4800d823f9861cb6eda02daebccc805;71
d683a2db8bf914d126fa2bda99348f7c4c1ba1e2;61
b954adc1fb42080fe94160b8eb9f86a814ff1ca2;27
d4e689dd2e374e721e63a3a9954b46d20b383167;47
208005f53b25ffd4d802793d29d2619836a3979e;85
b98d063eb0ce0d8bd9b9cadead5df5d91a5212e6;67
206e8e04782908342cdcc5dbc450613561f09d86;15
4abd75648135451b157d4ce95930ed5ec1168dc7;36
0ae802e09dedca255c48711f9daa4c49cb4c4ca4;60
72868c52e5a64718b75151e166b452d178d02e47;37
d92cb094dab7bb7129e069a74534d448e8050398;10
90b3f08f30ca4d2ff21550d3213b7e56d62bae57;26
7a17b14a3e102e860f7601c145d179d0c654985d;43
bafdd33b8dd0e550108096f29ab9dce80553b92d;14
d8be9c057429b986d5b8f99d6bbdcffd2b8581ba;68
187f6cab7046cc56554387955ec56376af89f5be;87
df1f389bbee74340b0ba9b5fd92927da4c4096be;21
f731ee6d238542cbd69a4ac5f3a6fe4887bae939;76
5b2c4451f9059921d7e0a79eab54573e5ac7a672;74
bbba08a12dad51766acf5b71f30543e472b15491;68
1454cce7eb14085aae076150504dda4d2704be9b;18
c63d6a049db65d88f574977fa99fa49f11fffa06;19
7eb4d6698fb05c4ce1081fd83562b1c6ebf85037;16
ff245b8fea9cd6e61875bc5cd4936f2dc90e702f;23
3a863e893fb2e0bd7b760277b869fe3f053510ec;32
072430542b8552c754a40c41fec9e7715a40b6c8;12
552fb621086b27e2c40894225cac05b0d45e9229;5
da731a454647afd168849389072ae831a39f9f90;55
3d695d490d76d8abc54ce906c6af033e58a6b5a1;12
28bb3ce2cc024ec5c4417f13f7d5483b0d9fba4e;66
f1b5da3fcd25b1673162861bbce629bd108e49ec;71
50e60a4d186f7c63dbf44c36b62603cd11d5d8b2;12
06e0ed391c669a7acfe84012d3ae2d993417bc09;18
6ee4610916e1fb7fd45981d87c4352df44000eda;92
ec647896031628e94874c12d7617aced718f0852;59
d367eac2231e359f2b84131a51c6ec89bf0490ca;52
d195186ee9541aae5bd8f7d0674f56d48d69368f;96
590d6ddadde950fb5a1326ff7d72ba0a400e68d7;48
555deebb292a33337d3b309fc1837d337a0d5c88;81
fd764e2ac91cdce4931196ae72cac2d425f45557;7
d97594ae259296fd0472e57fc81ccf0ab166d753;58
ccc2646710b8f9221d2a67a4fd09ab3b4657e7f2;18
7fd235ef3d65099dacbde381c40d84b0873ebf26;90
a313fc8510f27d18504daece84b9b8157b3a9062;40
353d418bb790a35a30ea49ca1244e567f4020f0b;71
49b91bd33fffb5ad651fada0dbacc56169deab70;93
cfac51f3e929a51ea8827e1d488348ea777d8a7b;2
4214309584b1b1c9b8287599e9c39713ecc3d207;91
f6598c92c1c498d8d5e8e6f456dd36bfb32a524a;31
dee230402fdf0f0b8d0ff6a835d3f01ac173a25e;29
86531da6a8ab892259ada3367d27edef442a7e86;68
9f9e1af421504d5db1735c1322566db883c9990b;33
6363d9bc99fb122f196b02f5d0c04c6d8049a2b1;31
a53fd6244a3e7b9efd616f9258e97aa72c68b69c;51
31372f040f818937133f568ccded70efe43dfce6;25
9ee377c919a8395ac116c926eb7e6d90e554c8ed;50
dfc6f1b35f658e6b44e3b29adea3673a501d8e52;30
c2de99ee4115209ed12a5f601c6e7906bace57f4;93
1e33821ec633f94c84c232bab8dff2c600726748;2
ca684c5092fcb70cb9d2b58d4902c71abe5d196b;10
cfc97018b1cbfad340f4ef04a4d5e87706efe239;40
799a1f3282cae31ea9fe00548ff1e033a366349b;64
e0a97ce907e66af392881243df79f7e5a7e2c467;94
cce2e360798cdc46c43d5d1b2b33336b9945f3c1;35
53c0d694b6e30010f90bffc9504ad374b5620dd7;58
2a6f12e17dc2ce93c10de0e8a34c758f419e50d6;28
cc7f1bd82e8d43799fedf646ae252eb45dbaf9bb;78
03faf674f4b41eefc9c83dd1e3c7a1e6669822fd;41
55e2787483a2a1df6a95d68f664503ebbf33d9af;92
389e135007f8a142a8840b73e61999fa50815a74;86
8f78117758199397c8b431880dc0656e82053d08;62
5d4e9dcdca9c429568ea91d41df347d8dc35924f;34
d1fec827011a50374d83b67b5cab685c76ab7fb9;96
762c1cc9ddab7e396bdf805d758c44cca41d30d5;18
c1d57307242bfdcd0b75edb19db7beaff9b9ff8b;26
15dbd4d629c1e9b5727d2cf8df7b997fc00f8ddd;47
61cb5ac14a05a5f9bc211f3087f30ae2a428a4e6;64
fb360e364a83fd78fbb682f8ca8db8a478e7cdf6;98
3c623afaa97581dc2ab074bb5071de4a299197f3;22
e698a91ad46d7d5fd3a91b2f352653378e902162;31
9f1a0b79733b40c42d79fb4f9f04bd760df3ec25;74
3dde8664c9df19f68f72a22417545f6c139ebda8;37
ab08a2af958d60d938154262a0d9519836ad2ee1;53
3f58bd857d8d4c4054e07f26c9817d87a1ea47fe;9
870fe2dad2ff6684b24a513e98defb37d4a84880;19
348dbf5d995006072c474dd37acb6fd629981d5f;52
e5ea9873590dadaa3b3d56b722f2f1bf1a544a93;47
d5c12781237cc0a62382ef26ab26455394c49eb9;85
f0a7f8727e061f19767995751c1e45723f8a5ff1;41
2b9fb7a0983d0ad1d23ac6cd7b16595c416c926a;25
7930c75c6133f23222f204db20cf58a220e25f52;11
52509355330fa9318d333de932270125257bc6a4;62
1be0ad5e923291233e3bb67591b4301cb3d24132;40
902c0381e46f7e971f6b518d336e551b94eb463c;31
a2a516c6f3e82f8c4807a413114404f84c135d55;55
58e9f1adf6c50cd158377dd9b31aacd8542b6c72;53
51a39fa788c9a46ac64bf4686b72ccfb9096b40a;92
08f2311c4037c39bf80a4a905169327841d2e845;49
ec07e5090d8cd180674c223cf136d7990e4c76c9;45
56a2567396d3acd1a1091c4bfdecf5a1106b4bc9;72
6f1778f326e736297a0b61f024075471d8242083;99
0261e2bf383bcc08dddbacbc452bb9f4be0b641c;17
d7ba1770a301f3e3deb44576c29106d24236ee35;26
1ea5c27b0b1e3400c7d3475c18412e5e5c64fca7;47
1915f60a0c491016bfb7b85951a9d839f1ef5e9c;42
a2b320795f903bce11e7f4d768ec436698c85aea;78
31cf068aca00731d2199e1d1101c529f2573f603;79
73ff8da3a66fbaa909f884dda7cdb4feea7c8d87;81
b6822e76c24bcb8819be236340dff095766c83b9;66
e1e645f2ff3a57eb116a3b2cf8353c30a2d68150;41
90137840638d8231b367135772a44b559f297467;92
176855c418d26e12f3ee8cfcab959caddc667e47;38
7e735dd5ca26828c40a8f7b5e45dde580e7a2c4c;81
2bb7cdf672ddd6cbb64081e7c43a1e6408c2e63e;64
41975b8ae57cfc4644501680539ada1e83e97014;58
2a66145908a62353366e49b5b4d35df21d30c35f;36
aa69c603ca493b41f68b25ce56d3bf3e76abd5d3;44
5328f8f695815f55ca471290b825016c35c01ac6;66
46127ed73abbe13624f9b960f45ac10e2661733f;75
c09b2a14dcb7a9221282a8a0893dc4689e159443;85
462188af135627c1d95abb243334a5e0d1851482;67
0001f6da568e5c19a293f942872f563ce241a977;37
b24c50cee10163e57c57e577514fe4024102428e;29
dfc48291006a24993b54c7e7a22a2e6afe2e0027;36
c4a18e07f322fd0651f35d012f7f5175c9c7a821;83
16aaab64e9b7cd29b4e2e728c5a0e82bd37c0e04;56
523ada2ee4a6fb3eca84a10074fbd51d31f2ddeb;58
038a71866c82b0882f2bbc3d14452eac3362621d;11
a3e2ee44e6d1d486ce3b73a32c8886cf4adb6dc6;52
4188f7add6cfe8cdc4482dc652bde327492c9c0b;32
134fc2cf759b3e2a5948aa744375d826bcf9038b;29
98ee63a139726a6b204bcba3dbcf8886ba28cdf8;45
d61c6246d34c83684f689300698cc2a1302dc4b3;44
614d9cc4c88c24e8a2b5c749973cbf7684b4197e;7
d0b06b6db2f818b1a742de3c31133ff33ef9604e;50
dc914e03001f6761ffbc8c880df05a0790446868;82
aa7f6284dddbc9cea5470d36c9a346317440972c;12
4b31724d767fb2f5b5eeae4c587dd03d1bf8d624;43
35f216e48532d6085b4c7dace950fa0aff9edf16;55
6f20cb224f915219ccebd657deb2022ccf117615;99
5c8ef78c69b633543f3c7214225767a36d58dbb7;97
60f593f6144bde3620670e5939b355c9262e7a49;57
c12155ef30b18d24356826a4d075285c1029ef6f;15
16b56308bd422be0167b127716138a7a9a893d3c;80
148b1e6a9b5d01fda9fb93349de81c19ae91e0c3;71
f324bbb02064a7161744ac429f5cb59eda589fd8;46
f4b167c06fef6de9c1038587b2bc916ccbfa5c34;19
f64a208e3e46d0bc90ae6334515ceb5b35e21faf;41
691fb6d7b7db92a71ab2fcf1b505849cf5418988;75
008d226c6902da3b8d1494ab995b198c6ad573d6;66
e84d861d77c7012b234e0eae562e700f332528d3;68
04fd728fc4d1ae1c7dcf4a378169531bca59dc14;95
426dcc36dbb6b6ed34630d00e1ca8c428d35e2b7;46
0c6ffaa8dda821032cfc4aee57286723fa318222;14
a368d9896adfec0d4a1d94d7a417297033ff29af;96
6ec515a56f9aa8b1097f213b148a775a6e51553e;66
26a6a4ac35019aea8bcb0179bdaf6e2d051189a4;12
36d762b25b8e8fca3df386c5ef02eb33ddef240e;95
3a637b9261850ca7e18a35bcbae65669dd5292e7;76
c6cc4d9820b6052ac915522f3f7871ca3d1ce0e9;6
837030e683c0a7eeb9a3229e9773145edc0918cb;87
9e596e956801ffe7fdc0f867ff7d83a0e0e6a26a;56
55ab77cf541ae16d8fed1b2fc33d9285907eb379;45
82902c2809bb5790fbfc15fcf65ea7ad58f05eb4;73
41663e7a01540176d83be0ecdcc1295c0ae879dd;65
a831a1062fac6ee0a6579a5c9f508d6d629002be;38
23b493f6aa815c240f209032a0a45af9d36b8ebd;15
0c6b31c3e254bce2b4e550df117892f8076462d4;43
50fc4b577490dffcbeb03ff89a8093381692bd1f;34
8f9582be40edf2954d32b74fc8ce33e8f311dee9;57
7f7e87681252bd8eec0b43bc0feb602f13cacb62;27
3af1849d7e4e8f68af6b736153fa3e5da2c16876;88
1fe8ca713dc66e13515c60b0e235256420d9beec;75
c3f1078a2eff060cbcf2a0893244ffe361ead585;49
b3a8c8a13094085d73abcd573db1bf83e4a8212b;78
a1d459a2a83f14dc15595f85d5acd9b2e807326e;1
0c9dfcab17762d6951e045986784654b3e1dcb31;62
fcb34217adf60ad60d17e8f1ab43b511844b4bd4;94
d5e4c4598d96db88432f55494e7e78bdd90a7587;35
6ff512af57bf8e4db660e070bdf5e3ffb863bcd3;98
b9648517ffe823bcaee472ea684b0e3b251397d8;54
6bbbfaf90308f54f39c66ecaf249b23840ddf9ee;7
8f8326a68efedd419add1ada2f835f8dc757244f;80
dec857afc95e87c21814103df7e73332c0e0c4c7;18
eccf3e41decdb199c53a240aadf740571ffffa5d;29
0fa7a4c463e116b9a76bc330dec0e6eb4bcc8ff2;72
5e1c79a58999fbfb23c5676eb779a32c4497e023;11
520ae7f0bc327cd45eac94934d3df0449f1115d0;41
52ae384dcd2469cfd1f494f7f9ca1a73e5241bac;15
b13731296a8771561536f5adf05458b08d150a97;7
02bbb7be14d1ff25a0f7dd5962c5034d8d7e2dae;13
838d027f533d1d9c3cb4cc80a6199845a7b67974;44
7dfc47fab1177024d89194676d8ef43a3f5761a7;64
f544e96e16797ff15c182364cf6ada123f47784d;100
4366913a0222b38b68b8119c0b976a7a5ed6b20e;17
ff3c49eb02b9d5e6d2be7e8d05c9aff6f3ca33ea;52
75fca65ee6d2c11af859465e0eb364738cf30c0c;45
73c7a5c9231f9135c6b30f9a3939df5c87053834;21
3da49934ebcfd53d55564fcc5ef32e2c69a91e4d;95
f3a4bbefe37d83c5103311ae3d06db2f99bdc086;67
ce4f3bc919afa3fc5994d6b09aea4a8d44b598b9;77
4cf2ebb6070ce8714c81102e41fca12b09b203a1;34
3a152ea823e953ee04e8952a21ad47433069843d;91
bff986502a9722f1657a2bb21af051f0fef65162;97
6929fa9c8532ecb81f66eb2e026bcc881f9abc46;20
2483a0d7df04af744646fb1faa714962bd1ae131;22
a8cdbcd342bd75e503bdf0735156c1ab50f2368c;2
5b68c05e5fddbe720a1c88d02b813f79a3300a74;32
26e322fb4fcb97de8f5fa877656c88a1708b37de;12
3d4d9e191d7361f5c1e7aa7d4658d882bd29a443;64
4b6d69afbf975e70963c4d4b4afa296eed7a212a;42
9d28f57836503a13207eb10ac588a7d09ba20a37;67
61eb6ff41cc7fcf493257be903988fafddccec84;65
e351f3e9015e15b4266cd9e8249ccb0418e03bd9;47
667b8fac1775735991471ccf4dad49b278eb3c15;34
cd941eb7efd4af388a3ca906e180d5cc3f2b6d67;82
281f57ea6c7dafa367787a4a09f6c798edaea316;62
39d277e21ea555c5da80b8f130eefb1e3033f9c0;48
1317ffd1dcd61796e4ed350a46ee783cfe844140;79
78b41597f5f2da3906c2c07249a88de8699c9d68;55
6b264ecc176c64ca38c7c158012a3fe269f4eff7;89
22b88d9f9b639964612c106cc6379cb2ac08d6be;23
b4dee0cc6738e6242e239579dfb4f78700873de9;97
eba54816ea82e8bfeac8499f3ee9ce16afc6e36f;83
6b61780bda165165de36b39e898cbe4f2acc1a9e;49
5884fac4cd08d0b2b5190bccc1c94e9e6a4736f0;91
7e1f87380581a49e999623430715bbc29ddace32;64
59a281c2838abdb588742ce55f03791e7dcbf593;61
8b185e7c9a78dde76b224019b1a8bdfd71b81865;45
de1692b8cf900d3b86728f946c956e5c3516f7e8;23
5797a560d9146b4a391ff346c8808b110b2d1060;61
b2d7b5eeeb32d04245040f43c0bfd57dbee7760a;74
395bc8d91835d1ff92153f1cccc4203fe0b9c302;65
fb844dfd474e4f1491954a40ef0844f3da6c87c3;18
53f6f30bd5896b6ab66a333f72b76edfedd7653d;72
367e2da0fd939d3901b1e3f4c9c976c638b38c5f;55
d19dc68b60dd1ba3b843577a664142d7ac027bb6;57
4c1a89a1f2454d34b50b27a31a9524e5190c9b4f;65
398b029e9ccb98d9f7dd84959950ccba82c175e2;36
949a5fd27db35c8d1f067b9069770be4cea49ed1;12
061d31452c27388b38bf7263c17bb27c078b4ad5;87
2b5072c640e9ef8ed07ee44d78e0cf6397a5f10b;41
f8dba2e4bf8171e9c08b3f66d82ec98c2caf9c8b;69
c74e906894089cd3ae6b20f80b034bfaff002401;37
582d501210d7647e663d6f957cd1868bd3d35256;55
3b8e270a67c85a84f4972071b8f4997f24735568;48
94cf3cb63d8d79792162c577bf743c8c664e819e;84
34facf522f655409c365b190649bff4b77eaf58b;7
fa9d8d929addde020f4b29bf119115d735c0249a;91
56ab929ad3b222daab08a6a2b5519286bfabe6a7;68
d0d4c0a3ab2d91aba3ce7cbd8fb1a9d5c3e222f2;4
318a126a760be0ba94771a319b9aca1d2a8165f0;56
63039472903b0c75571b8b669036d443621d2919;48
c8a864d82bb96fcefb1f71dac6125cd1aff44fd5;52
adb65a92c885f8cf4188cd7675f55bb0a23e126f;8
20e022f0548e71c2427731e4d4fc457aa3e22fcd;60
c7b96484c36e12b47cd0b10e80856425691adfd7;60
83a62c3b3874ddd976d2eaed3a037d07fccff3da;84
a46578ab187553deef5f4702f376659ae2373c98;95
96f1439e63d742c1db65d59a5f0cd0cb1788090b;38
7f3927501fce4f998672da9deb0fedc5e0501c41;12
8fc3994c3f1c25067f81ee663b957fe17c821467;76
2019bffd18028c9618720d1dc124faad1911e870;47
b1e91c651632737c9c1d880ebf4f57f6b3795b06;51
45f6ef5c3c6b6c1be2f01e123228cb542cc248a0;63
cbec3d4aea6020219915beff816c1082bc2c4da8;76
a838693539ec0b2732001cf67dce45b396a219cc;98
f4d724ec56f6d5d3e9764c7f05e5d6b7ce2a9857;96
3a81ddd284adb71a21477ed1c713a4ed633f8bc0;56
15d84dc9be5d50a3eea51676b1f4421b1fd2ed45;9
0f5aaa78d2db8541090dd6fccb0765e935d0ebf3;73
4c7ba693d0498c7619b62ae33a95454e385a526f;70
553f922a8eb9b3cd454f2ab22b8433964b60a836;81
6fa569d89a169f6a0067ffe1eaa7974961b6515a;100
331efd3b29a063173c6753cfb400877332fca80e;63
fe588a4f434ad4a214bed41b7e92bfcb7676b46e;93
97c977df04ac47af0ab809fb2c790a134e3441f1;38
c0e3648eeaadfe0d5cc36f10caa1b448c318d2db;92
09567a880f063ffc6bf2a96407e93b22feb18143;9
ecddb7c976cc4664ee8e032c30cf8dc817f080bf;98
700e845f7cd29528ce461dcd942f090f391be5aa;43
e338b70ff32fa1d6f5d653787b570e11e2e75c3b;57
d90864be75065a0921b84b9637cbcbc6a0bcf07b;91
eea653e2643d78a5a256a1bfd2ad73c784b068b7;39
30508139eaace138e21ff35616e94b4d1904cbf2;73
3d818535dfe52c54ebe18fa5b3446ef62011997b;31
0e67b707ab4c0a7ec146ed4ee845f1d0aef7c499;68
065d601d74cf270416d29d4de2867bcf8e240c38;24
a98be1b98dff3c6f20dedcce3f8172127ad15607;17
1bf9589388b20a1b0e8f165cd8521cfeb5f92b40;5
1d8b60fcd2b00873cd0a7bdb755fd1c23d3faf4c;61
481aad75fb95c912c81cb474578abed82da34437;79
372e4da28a1442b6ee51418856d32783ad85166e;17
daea3a786321de305091363bea25a51978844f23;87
e4e9a81e38971f4975ebd56fd02f58bfea1eb2ad;27
131356393cf9806bdd6b8e4501c7d7619f1c5212;2
ac07d2fd5cb2bd1fb74352cbde87d0c72b3f33e3;77
86dee420d7453577093c6b258a39ff75e0b84e17;85
ee3ca6687d8d1b51c3f4fdff47e518321910d64e;24
bcaeb077babaafa204883df6318346ec3d079662;91
c9a71434660b90939283d32dcfba1607fd449441;9
a1f9e14ce71c24f54c0a54851b8699f6350e2d0f;97
750aff571bbc0b91dc80e57f95185ccfbb866da3;57
9e0b502f1f9ae027b10f4b38051b4cdea7fb9351;27
5c731be2ceb4f48579b8899fa6e39a160fa65882;48
1371c48b132d49754d7e1c683151bdd63fee7a72;4
b42601f1fcab6651281b8d41849eb67ddd04edef;47
ba72cc2d84273013a99d09504bb458841293a889;30
aaba3932ba25251c68ff38ee0768df7de963e546;40
f4080920f17eb0af88164c7b467e483613b0b72c;64
8ef309f2d39385594b234386c48e6e0214bb4be8;34
e009eec6e1c8d5dfa97c492da21f7bc534345cee;30
2f91cdade9acc9e609a5a7f2e14381e6e7430c0b;20
de0ce3c929ba98360a29fd48cee8eb4ebdaedbfc;92
25e432f1b8bdf44b5550b2ce9071edfc9ad7fe03;66
7d77a3b871c7e117ea7df3bd055ec508288fc06c;69
